VOTER;"NDA_{-0,5;0;1}";"MLP_{-0,5;0;1}";"EM_{-0,5;0;1}";"BH_{-0,5;0;1}";"NA_{-0,5;0;1}";"PP_{-0,5;0;1}";"JC_{-0,5;0;1}";"JL_{-0,5;0;1}";"JLM_{-0,5;0;1}";"FA_{-0,5;0;1}";"FF_{-0,5;0;1}";"NDA_{-1;0;1}";"MLP_{-1;0;1}";"EM_{-1;0;1}";"BH_{-1;0;1}";"NA_{-1;0;1}";"PP_{-1;0;1}";"JC_{-1;0;1}";"JL_{-1;0;1}";"JLM_{-1;0;1}";"FA_{-1;0;1}";"FF_{-1;0;1}";"NDA_{-2;0;1}";"MLP_{-2;0;1}";"EM_{-2;0;1}";"BH_{-2;0;1}";"NA_{-2;0;1}";"PP_{-2;0;1}";"JC_{-2;0;1}";"JL_{-2;0;1}";"JLM_{-2;0;1}";"FA_{-2;0;1}";"FF_{-2;0;1}";OFFIC;GENDER;AGE;WORK;EDUC
1;0;-0,5;1;1;-0,5;-0,5;-0,5;-0,5;0;1;-0,5;;;;;;;;;;;;;;;;;;;;;;;0;2;6;5;0
2;1;0;0;1;0;-0,5;0;-0,5;1;0;-0,5;;;;;;;;;;;;;;;;;;;;;;;0;1;4;2;2
3;-0,5;-0,5;1;1;0;0;0;-0,5;1;-0,5;-0,5;;;;;;;;;;;;;;;;;;;;;;;0;0;0;0;0
4;-0,5;1;1;0;1;-0,5;0;0;1;-0,5;-0,5;;;;;;;;;;;;;;;;;;;;;;;0;1;4;4;2
5;-0,5;-0,5;-0,5;0;-0,5;0;-0,5;-0,5;0;-0,5;-0,5;;;;;;;;;;;;;;;;;;;;;;;0;2;3;2;3
6;0;-0,5;1;0;0;0;0;0;0;0;0;;;;;;;;;;;;;;;;;;;;;;;0;2;0;0;2
7;1;0;-0,5;-0,5;-0,5;-0,5;-0,5;-0,5;-0,5;-0,5;0;;;;;;;;;;;;;;;;;;;;;;;1;1;4;5;2
8;1;1;0;0;1;1;1;1;1;0;-0,5;;;;;;;;;;;;;;;;;;;;;;;1;0;3;2;3
9;1;1;-0,5;-0,5;-0,5;-0,5;-0,5;1;-0,5;-0,5;1;;;;;;;;;;;;;;;;;;;;;;;1;2;3;2;2
10;1;0;1;-0,5;-0,5;-0,5;-0,5;-0,5;-0,5;-0,5;0;;;;;;;;;;;;;;;;;;;;;;;1;1;4;2;3
11;1;1;0;0;0;0;0;0;0;0;-0,5;;;;;;;;;;;;;;;;;;;;;;;1;2;1;4;2
12;1;-0,5;-0,5;0;0;-0,5;-0,5;0;1;-0,5;-0,5;;;;;;;;;;;;;;;;;;;;;;;1;1;1;3;3
13;1;-0,5;-0,5;1;0;0;-0,5;0;1;-0,5;-0,5;;;;;;;;;;;;;;;;;;;;;;;1;2;1;2;2
14;1;-0,5;1;0;0;-0,5;0;1;-0,5;0;0;;;;;;;;;;;;;;;;;;;;;;;1;2;2;2;2
15;1;-0,5;0;1;0;0;-0,5;-0,5;1;-0,5;-0,5;;;;;;;;;;;;;;;;;;;;;;;1;2;5;5;3
16;1;1;0;-0,5;-0,5;0;0;0;0;0;-0,5;;;;;;;;;;;;;;;;;;;;;;;1;1;1;6;2
17;1;1;-0,5;-0,5;-0,5;-0,5;-0,5;-0,5;-0,5;-0,5;-0,5;;;;;;;;;;;;;;;;;;;;;;;1;2;1;3;3
18;1;-0,5;1;0;0;-0,5;0;0;1;0;-0,5;;;;;;;;;;;;;;;;;;;;;;;1;2;1;3;3
19;1;0;1;0;-0,5;0;0;-0,5;1;0;-0,5;;;;;;;;;;;;;;;;;;;;;;;1;2;4;3;3
20;1;0;0;0;-0,5;-0,5;-0,5;-0,5;-0,5;-0,5;1;;;;;;;;;;;;;;;;;;;;;;;1;2;4;1;2
21;1;0;-0,5;-0,5;-0,5;-0,5;0;-0,5;-0,5;0;-0,5;;;;;;;;;;;;;;;;;;;;;;;1;2;3;4;3
22;1;0;-0,5;-0,5;-0,5;-0,5;-0,5;-0,5;-0,5;0;0;;;;;;;;;;;;;;;;;;;;;;;1;1;1;2;2
23;1;-0,5;-0,5;-0,5;-0,5;-0,5;0;0;-0,5;1;1;;;;;;;;;;;;;;;;;;;;;;;1;2;3;1;0
24;1;0;-0,5;-0,5;-0,5;-0,5;1;-0,5;-0,5;-0,5;-0,5;;;;;;;;;;;;;;;;;;;;;;;1;1;3;1;2
25;1;0;1;0;-0,5;-0,5;-0,5;-0,5;-0,5;-0,5;0;;;;;;;;;;;;;;;;;;;;;;;1;1;1;2;3
26;1;0;-0,5;-0,5;0;1;-0,5;-0,5;0;0;1;;;;;;;;;;;;;;;;;;;;;;;1;2;4;4;2
27;-0,5;1;-0,5;1;1;1;-0,5;-0,5;1;0;-0,5;;;;;;;;;;;;;;;;;;;;;;;2;1;3;1;1
28;0;1;-0,5;0;0;-0,5;0;0;-0,5;-0,5;1;;;;;;;;;;;;;;;;;;;;;;;2;1;2;2;3
29;1;1;1;1;0;0;-0,5;0;1;-0,5;-0,5;;;;;;;;;;;;;;;;;;;;;;;2;2;6;5;2
30;0;1;1;0;0;0;0;0;1;0;-0,5;;;;;;;;;;;;;;;;;;;;;;;2;2;1;6;3
31;0;1;1;-0,5;-0,5;-0,5;-0,5;-0,5;0;-0,5;0;;;;;;;;;;;;;;;;;;;;;;;2;2;1;2;3
32;0;1;-0,5;-0,5;-0,5;-0,5;-0,5;-0,5;-0,5;-0,5;-0,5;;;;;;;;;;;;;;;;;;;;;;;2;1;3;2;3
33;-0,5;1;-0,5;-0,5;-0,5;-0,5;-0,5;-0,5;1;-0,5;-0,5;;;;;;;;;;;;;;;;;;;;;;;2;1;4;1;1
34;-0,5;1;-0,5;-0,5;-0,5;-0,5;-0,5;-0,5;-0,5;-0,5;-0,5;;;;;;;;;;;;;;;;;;;;;;;2;1;2;1;3
35;0;0;0;0;0;0;0;0;0;0;0;;;;;;;;;;;;;;;;;;;;;;;2;2;3;1;2
36;0;1;1;-0,5;-0,5;-0,5;-0,5;-0,5;0;-0,5;-0,5;;;;;;;;;;;;;;;;;;;;;;;2;2;3;2;3
37;1;1;1;0;0;0;0;0;-0,5;-0,5;-0,5;;;;;;;;;;;;;;;;;;;;;;;2;2;4;2;2
38;1;1;-0,5;-0,5;-0,5;-0,5;0;0;1;0;0;;;;;;;;;;;;;;;;;;;;;;;2;1;1;6;3
39;0;1;-0,5;0;-0,5;-0,5;-0,5;-0,5;0;-0,5;-0,5;;;;;;;;;;;;;;;;;;;;;;;2;2;2;2;2
40;0;1;0;0;0;0;0;0;0;0;-0,5;;;;;;;;;;;;;;;;;;;;;;;2;2;1;3;2
41;-0,5;1;-0,5;-0,5;0;0;0;0;-0,5;0;-0,5;;;;;;;;;;;;;;;;;;;;;;;2;2;4;5;3
42;1;1;-0,5;-0,5;-0,5;-0,5;-0,5;-0,5;-0,5;-0,5;-0,5;;;;;;;;;;;;;;;;;;;;;;;2;1;1;3;2
43;-0,5;-0,5;1;-0,5;-0,5;-0,5;-0,5;-0,5;-0,5;-0,5;-0,5;;;;;;;;;;;;;;;;;;;;;;;3;1;2;2;3
44;0;-0,5;1;0;-0,5;0;0;0;0;0;-0,5;;;;;;;;;;;;;;;;;;;;;;;3;2;5;5;2
45;-0,5;-0,5;1;0;-0,5;-0,5;-0,5;-0,5;-0,5;-0,5;-0,5;;;;;;;;;;;;;;;;;;;;;;;3;2;3;1;3
46;1;-0,5;1;0;0;0;0;0;-0,5;0;-0,5;;;;;;;;;;;;;;;;;;;;;;;3;2;3;2;2
47;-0,5;-0,5;1;1;0;0;0;0;1;-0,5;-0,5;;;;;;;;;;;;;;;;;;;;;;;3;1;1;2;3
48;0;-0,5;1;0;-0,5;-0,5;0;-0,5;0;0;-0,5;;;;;;;;;;;;;;;;;;;;;;;3;2;1;2;3
49;1;-0,5;1;-0,5;-0,5;0;0;0;-0,5;0;1;;;;;;;;;;;;;;;;;;;;;;;3;2;5;5;2
50;-0,5;-0,5;1;0;-0,5;0;-0,5;-0,5;0;-0,5;-0,5;;;;;;;;;;;;;;;;;;;;;;;3;2;1;6;3
51;-0,5;-0,5;1;-0,5;-0,5;-0,5;-0,5;-0,5;-0,5;-0,5;-0,5;;;;;;;;;;;;;;;;;;;;;;;3;2;2;3;3
52;0;-0,5;1;-0,5;-0,5;-0,5;0;-0,5;0;-0,5;0;;;;;;;;;;;;;;;;;;;;;;;3;1;1;6;3
53;-0,5;-0,5;1;1;-0,5;-0,5;-0,5;-0,5;-0,5;-0,5;-0,5;;;;;;;;;;;;;;;;;;;;;;;3;0;6;5;3
54;1;0;1;-0,5;-0,5;-0,5;-0,5;-0,5;-0,5;-0,5;-0,5;;;;;;;;;;;;;;;;;;;;;;;3;2;5;5;3
55;-0,5;-0,5;1;1;-0,5;0;-0,5;-0,5;-0,5;-0,5;-0,5;;;;;;;;;;;;;;;;;;;;;;;3;0;4;7;3
56;-0,5;-0,5;1;1;0;0;-0,5;-0,5;1;-0,5;-0,5;;;;;;;;;;;;;;;;;;;;;;;3;2;3;2;3
57;1;-0,5;1;0;-0,5;-0,5;-0,5;0;-0,5;0;1;;;;;;;;;;;;;;;;;;;;;;;3;2;5;5;3
58;-0,5;-0,5;1;1;-0,5;-0,5;1;-0,5;0;0;-0,5;;;;;;;;;;;;;;;;;;;;;;;3;1;2;2;3
59;-0,5;0;0;0;-0,5;-0,5;-0,5;-0,5;-0,5;-0,5;-0,5;;;;;;;;;;;;;;;;;;;;;;;3;1;4;2;2
60;0;-0,5;1;0;-0,5;0;-0,5;-0,5;0;1;-0,5;;;;;;;;;;;;;;;;;;;;;;;3;2;2;4;3
61;0;-0,5;1;0;0;0;0;0;1;0;1;;;;;;;;;;;;;;;;;;;;;;;3;2;2;3;2
62;1;-0,5;1;-0,5;-0,5;1;-0,5;-0,5;1;-0,5;-0,5;;;;;;;;;;;;;;;;;;;;;;;3;2;3;2;3
63;0;-0,5;1;1;-0,5;-0,5;0;-0,5;1;-0,5;1;;;;;;;;;;;;;;;;;;;;;;;3;1;3;2;3
64;0;-0,5;1;0;0;0;-0,5;-0,5;1;-0,5;-0,5;;;;;;;;;;;;;;;;;;;;;;;3;1;3;3;0
65;-0,5;-0,5;1;1;0;0;-0,5;-0,5;1;-0,5;-0,5;;;;;;;;;;;;;;;;;;;;;;;3;1;4;3;3
66;0;0;1;1;0;0;0;1;1;0;-0,5;;;;;;;;;;;;;;;;;;;;;;;3;1;4;2;3
67;1;-0,5;1;0;-0,5;-0,5;-0,5;-0,5;0;-0,5;0;;;;;;;;;;;;;;;;;;;;;;;3;2;5;5;2
68;-0,5;-0,5;1;-0,5;-0,5;-0,5;-0,5;0;-0,5;-0,5;0;;;;;;;;;;;;;;;;;;;;;;;3;2;4;2;3
69;-0,5;-0,5;1;0;0;0;-0,5;0;-0,5;-0,5;-0,5;;;;;;;;;;;;;;;;;;;;;;;3;2;5;5;3
70;1;-0,5;1;0;0;0;1;0;-0,5;-0,5;0;;;;;;;;;;;;;;;;;;;;;;;3;2;2;2;3
71;-0,5;-0,5;1;0;0;0;-0,5;-0,5;0;-0,5;-0,5;;;;;;;;;;;;;;;;;;;;;;;3;2;3;2;2
72;0;-0,5;1;0;0;-0,5;0;0;0;0;0;;;;;;;;;;;;;;;;;;;;;;;3;2;1;1;3
73;1;-0,5;1;0;-0,5;-0,5;-0,5;-0,5;0;-0,5;0;;;;;;;;;;;;;;;;;;;;;;;3;2;1;6;3
74;0;-0,5;1;1;-0,5;1;0;0;-0,5;-0,5;-0,5;;;;;;;;;;;;;;;;;;;;;;;3;2;4;3;3
75;-0,5;-0,5;1;-0,5;-0,5;-0,5;-0,5;0;-0,5;-0,5;-0,5;;;;;;;;;;;;;;;;;;;;;;;3;2;2;2;3
76;-0,5;-0,5;1;-0,5;0;0;-0,5;0;-0,5;0;1;;;;;;;;;;;;;;;;;;;;;;;3;1;2;2;3
77;0;-0,5;1;0;0;-0,5;-0,5;0;1;0;-0,5;;;;;;;;;;;;;;;;;;;;;;;3;2;3;3;3
78;0;-0,5;1;1;1;0;0;0;1;0;-0,5;;;;;;;;;;;;;;;;;;;;;;;3;2;5;5;3
79;0;-0,5;1;0;-0,5;-0,5;-0,5;-0,5;0;0;1;;;;;;;;;;;;;;;;;;;;;;;3;2;2;3;3
80;1;-0,5;1;0;0;0;0;0;-0,5;0;-0,5;;;;;;;;;;;;;;;;;;;;;;;3;2;3;7;3
81;0;-0,5;1;1;1;0;0;-0,5;-0,5;-0,5;-0,5;;;;;;;;;;;;;;;;;;;;;;;3;2;2;2;3
82;-0,5;-0,5;1;-0,5;-0,5;-0,5;0;-0,5;0;-0,5;-0,5;;;;;;;;;;;;;;;;;;;;;;;3;1;3;2;3
83;-0,5;-0,5;1;0;-0,5;-0,5;-0,5;0;-0,5;-0,5;0;;;;;;;;;;;;;;;;;;;;;;;3;1;3;2;3
84;-0,5;-0,5;1;1;1;1;-0,5;-0,5;0;-0,5;-0,5;;;;;;;;;;;;;;;;;;;;;;;3;2;3;2;3
85;1;-0,5;1;-0,5;-0,5;-0,5;0;-0,5;-0,5;1;1;;;;;;;;;;;;;;;;;;;;;;;3;2;4;1;3
86;-0,5;-0,5;1;0;-0,5;-0,5;-0,5;0;-0,5;-0,5;1;;;;;;;;;;;;;;;;;;;;;;;3;1;3;4;3
87;0;-0,5;1;1;1;1;-0,5;0;1;-0,5;-0,5;;;;;;;;;;;;;;;;;;;;;;;3;2;4;3;3
88;-0,5;-0,5;1;1;0;0;-0,5;-0,5;-0,5;-0,5;-0,5;;;;;;;;;;;;;;;;;;;;;;;3;2;4;2;3
89;1;-0,5;1;0;-0,5;-0,5;-0,5;-0,5;-0,5;-0,5;1;;;;;;;;;;;;;;;;;;;;;;;3;2;3;2;3
90;-0,5;-0,5;1;0;-0,5;-0,5;-0,5;-0,5;-0,5;-0,5;-0,5;;;;;;;;;;;;;;;;;;;;;;;3;1;6;5;3
91;0;-0,5;1;0;-0,5;-0,5;-0,5;-0,5;0;0;0;;;;;;;;;;;;;;;;;;;;;;;3;2;1;6;3
92;0;1;1;1;1;1;0;0;0;-0,5;-0,5;;;;;;;;;;;;;;;;;;;;;;;3;1;3;1;2
93;1;-0,5;1;0;-0,5;-0,5;1;-0,5;-0,5;-0,5;-0,5;;;;;;;;;;;;;;;;;;;;;;;3;2;4;3;3
94;-0,5;-0,5;1;-0,5;0;-0,5;-0,5;0;-0,5;-0,5;1;;;;;;;;;;;;;;;;;;;;;;;3;2;6;1;3
95;-0,5;-0,5;1;1;-0,5;-0,5;-0,5;-0,5;-0,5;-0,5;-0,5;;;;;;;;;;;;;;;;;;;;;;;3;1;6;5;3
96;0;-0,5;1;1;0;-0,5;0;1;1;0;-0,5;;;;;;;;;;;;;;;;;;;;;;;3;1;5;5;2
97;1;-0,5;1;0;0;0;0;0;0;0;-0,5;;;;;;;;;;;;;;;;;;;;;;;3;1;4;5;3
98;-0,5;-0,5;1;-0,5;-0,5;-0,5;-0,5;0;-0,5;-0,5;-0,5;;;;;;;;;;;;;;;;;;;;;;;3;1;3;2;3
99;-0,5;-0,5;1;0;-0,5;-0,5;-0,5;-0,5;0;-0,5;-0,5;;;;;;;;;;;;;;;;;;;;;;;3;1;4;2;3
100;0;-0,5;1;1;-0,5;-0,5;0;-0,5;1;0;-0,5;;;;;;;;;;;;;;;;;;;;;;;3;2;5;5;3
101;0;-0,5;1;0;0;0;0;0;0;0;0;;;;;;;;;;;;;;;;;;;;;;;3;1;5;5;3
102;-0,5;-0,5;1;0;-0,5;0;-0,5;0;1;-0,5;-0,5;;;;;;;;;;;;;;;;;;;;;;;3;1;4;3;3
103;-0,5;-0,5;1;0;0;0;-0,5;0;0;-0,5;-0,5;;;;;;;;;;;;;;;;;;;;;;;3;1;4;2;3
104;0;-0,5;1;0;-0,5;-0,5;-0,5;-0,5;-0,5;-0,5;1;;;;;;;;;;;;;;;;;;;;;;;3;2;3;3;2
105;0;-0,5;1;1;0;0;0;0;-0,5;0;-0,5;;;;;;;;;;;;;;;;;;;;;;;3;1;1;6;3
106;-0,5;-0,5;1;-0,5;-0,5;-0,5;-0,5;0;0;-0,5;1;;;;;;;;;;;;;;;;;;;;;;;3;1;3;2;3
107;0;-0,5;1;1;0;0;-0,5;0;1;-0,5;-0,5;;;;;;;;;;;;;;;;;;;;;;;3;1;6;5;2
108;-0,5;-0,5;1;1;-0,5;0;-0,5;-0,5;1;0;0;;;;;;;;;;;;;;;;;;;;;;;3;2;4;2;3
109;-0,5;-0,5;1;-0,5;-0,5;-0,5;-0,5;-0,5;0;-0,5;-0,5;;;;;;;;;;;;;;;;;;;;;;;3;1;3;2;3
110;0;-0,5;1;0;-0,5;-0,5;-0,5;-0,5;-0,5;-0,5;1;;;;;;;;;;;;;;;;;;;;;;;3;1;3;2;3
111;0;-0,5;1;1;-0,5;-0,5;1;0;0;1;-0,5;;;;;;;;;;;;;;;;;;;;;;;3;1;4;1;3
112;-0,5;-0,5;-0,5;1;-0,5;0;0;-0,5;1;0;-0,5;;;;;;;;;;;;;;;;;;;;;;;4;2;4;7;3
113;-0,5;-0,5;-0,5;1;0;1;0;0;1;-0,5;-0,5;;;;;;;;;;;;;;;;;;;;;;;4;1;2;2;2
114;0;-0,5;0;1;1;1;0;0;0;-0,5;-0,5;;;;;;;;;;;;;;;;;;;;;;;4;2;3;3;2
115;-0,5;-0,5;0;1;0;1;-0,5;-0,5;1;-0,5;-0,5;;;;;;;;;;;;;;;;;;;;;;;4;1;5;3;3
116;0;-0,5;1;1;1;0;-0,5;-0,5;-0,5;-0,5;-0,5;;;;;;;;;;;;;;;;;;;;;;;4;2;1;6;3
117;0;-0,5;0;1;1;1;-0,5;-0,5;1;-0,5;-0,5;;;;;;;;;;;;;;;;;;;;;;;4;1;3;2;3
118;-0,5;-0,5;-0,5;1;1;1;-0,5;-0,5;1;-0,5;-0,5;;;;;;;;;;;;;;;;;;;;;;;4;1;2;2;2
119;-0,5;-0,5;0;1;1;0;0;0;-0,5;-0,5;-0,5;;;;;;;;;;;;;;;;;;;;;;;4;2;3;2;3
120;1;-0,5;0;1;0;0;0;0;1;0;-0,5;;;;;;;;;;;;;;;;;;;;;;;4;2;6;5;2
121;-0,5;-0,5;0;1;0;0;-0,5;-0,5;0;-0,5;-0,5;;;;;;;;;;;;;;;;;;;;;;;4;1;4;2;2
122;0;-0,5;-0,5;1;0;0;0;-0,5;0;-0,5;-0,5;;;;;;;;;;;;;;;;;;;;;;;4;2;4;2;3
123;-0,5;-0,5;0;1;-0,5;-0,5;-0,5;0;1;0;-0,5;;;;;;;;;;;;;;;;;;;;;;;4;2;5;2;2
124;-0,5;-0,5;1;1;0;1;-0,5;1;1;-0,5;-0,5;;;;;;;;;;;;;;;;;;;;;;;4;2;2;3;3
125;-0,5;-0,5;0;1;0;0;1;1;1;-0,5;-0,5;;;;;;;;;;;;;;;;;;;;;;;4;2;2;3;3
126;-0,5;-0,5;-0,5;1;-0,5;-0,5;-0,5;-0,5;1;-0,5;-0,5;;;;;;;;;;;;;;;;;;;;;;;4;2;4;1;3
127;0;-0,5;0;1;0;0;0;0;1;0;-0,5;;;;;;;;;;;;;;;;;;;;;;;4;2;2;2;3
128;1;-0,5;-0,5;1;0;0;0;0;1;0;-0,5;;;;;;;;;;;;;;;;;;;;;;;4;2;1;6;1
129;-0,5;-0,5;-0,5;1;-0,5;0;-0,5;-0,5;0;-0,5;-0,5;;;;;;;;;;;;;;;;;;;;;;;4;2;2;3;3
130;-0,5;-0,5;-0,5;-0,5;0;-0,5;-0,5;-0,5;0;-0,5;-0,5;;;;;;;;;;;;;;;;;;;;;;;5;2;4;2;3
131;-0,5;-0,5;0;0;1;1;-0,5;-0,5;1;-0,5;-0,5;;;;;;;;;;;;;;;;;;;;;;;5;0;3;2;2
132;-0,5;-0,5;-0,5;-0,5;0;1;0;0;0;1;-0,5;;;;;;;;;;;;;;;;;;;;;;;6;2;3;3;3
133;0;0;0;0;0;1;0;0;0;0;0;;;;;;;;;;;;;;;;;;;;;;;6;1;1;2;3
134;0;-0,5;-0,5;-0,5;-0,5;-0,5;-0,5;-0,5;-0,5;-0,5;-0,5;;;;;;;;;;;;;;;;;;;;;;;6;1;2;0;0
135;-0,5;-0,5;-0,5;0;1;1;0;0;1;0;-0,5;;;;;;;;;;;;;;;;;;;;;;;9;1;2;1;3
136;-0,5;-0,5;-0,5;0;-0,5;0;-0,5;-0,5;1;-0,5;-0,5;;;;;;;;;;;;;;;;;;;;;;;9;2;2;2;3
137;-0,5;-0,5;-0,5;1;0;0;-0,5;-0,5;1;-0,5;-0,5;;;;;;;;;;;;;;;;;;;;;;;9;1;4;2;3
138;-0,5;-0,5;0;1;0;0;0;0;1;0;-0,5;;;;;;;;;;;;;;;;;;;;;;;9;2;3;1;3
139;-0,5;-0,5;0;0;-0,5;-0,5;-0,5;-0,5;1;-0,5;-0,5;;;;;;;;;;;;;;;;;;;;;;;9;2;3;2;3
140;-0,5;-0,5;-0,5;1;0;-0,5;-0,5;-0,5;1;-0,5;-0,5;;;;;;;;;;;;;;;;;;;;;;;9;2;4;1;3
141;-0,5;-0,5;0;1;0;0;-0,5;-0,5;1;-0,5;-0,5;;;;;;;;;;;;;;;;;;;;;;;9;2;2;2;3
142;-0,5;-0,5;0;0;0;1;-0,5;-0,5;1;-0,5;-0,5;;;;;;;;;;;;;;;;;;;;;;;9;1;2;7;2
143;-0,5;-0,5;1;1;0;0;-0,5;-0,5;1;-0,5;-0,5;;;;;;;;;;;;;;;;;;;;;;;9;2;4;2;0
144;-0,5;-0,5;1;1;0;0;-0,5;-0,5;1;-0,5;-0,5;;;;;;;;;;;;;;;;;;;;;;;9;1;2;2;2
145;-0,5;-0,5;-0,5;1;1;1;-0,5;-0,5;1;0;-0,5;;;;;;;;;;;;;;;;;;;;;;;9;1;4;1;3
146;-0,5;-0,5;0;0;0;0;0;0;1;-0,5;-0,5;;;;;;;;;;;;;;;;;;;;;;;9;1;5;5;3
147;-0,5;-0,5;-0,5;1;1;1;-0,5;1;1;-0,5;-0,5;;;;;;;;;;;;;;;;;;;;;;;9;1;2;3;3
148;0;-0,5;-0,5;0;0;1;0;-0,5;1;1;-0,5;;;;;;;;;;;;;;;;;;;;;;;9;1;1;6;3
149;0;-0,5;-0,5;0;0;0;-0,5;0;1;0;-0,5;;;;;;;;;;;;;;;;;;;;;;;9;2;1;1;3
150;0;-0,5;-0,5;1;0;1;0;0;1;0;-0,5;;;;;;;;;;;;;;;;;;;;;;;9;2;1;6;3
151;1;-0,5;-0,5;0;0;0;0;0;1;1;-0,5;;;;;;;;;;;;;;;;;;;;;;;9;1;1;6;3
152;0;-0,5;-0,5;0;1;1;0;0;1;0;-0,5;;;;;;;;;;;;;;;;;;;;;;;9;2;4;3;3
153;-0,5;-0,5;0;0;1;1;1;1;1;0;-0,5;;;;;;;;;;;;;;;;;;;;;;;9;0;2;1;0
154;-0,5;-0,5;-0,5;-0,5;-0,5;-0,5;-0,5;-0,5;1;-0,5;-0,5;;;;;;;;;;;;;;;;;;;;;;;9;2;4;3;3
155;-0,5;-0,5;-0,5;-0,5;-0,5;-0,5;-0,5;-0,5;1;-0,5;-0,5;;;;;;;;;;;;;;;;;;;;;;;9;1;1;7;3
156;0;-0,5;0;1;-0,5;0;-0,5;0;1;0;-0,5;;;;;;;;;;;;;;;;;;;;;;;9;2;3;3;3
157;0;-0,5;0;1;1;1;-0,5;-0,5;1;-0,5;-0,5;;;;;;;;;;;;;;;;;;;;;;;9;1;1;6;2
158;0;-0,5;-0,5;0;0;0;-0,5;1;1;-0,5;-0,5;;;;;;;;;;;;;;;;;;;;;;;9;2;5;3;2
159;0;-0,5;1;1;1;1;0;0;1;0;-0,5;;;;;;;;;;;;;;;;;;;;;;;9;0;0;0;0
160;0;-0,5;-0,5;1;0;0;0;1;1;1;-0,5;;;;;;;;;;;;;;;;;;;;;;;9;1;3;3;3
161;-0,5;-0,5;-0,5;-0,5;-0,5;-0,5;-0,5;-0,5;1;-0,5;-0,5;;;;;;;;;;;;;;;;;;;;;;;9;1;3;1;3
162;-0,5;-0,5;-0,5;0;-0,5;1;-0,5;-0,5;1;-0,5;-0,5;;;;;;;;;;;;;;;;;;;;;;;9;2;5;7;2
163;-0,5;-0,5;-0,5;1;0;0;0;0;1;0;-0,5;;;;;;;;;;;;;;;;;;;;;;;9;2;3;3;3
164;-0,5;-0,5;0;1;0;0;-0,5;1;1;-0,5;-0,5;;;;;;;;;;;;;;;;;;;;;;;9;2;3;7;3
165;1;-0,5;0;0;0;0;0;0;1;0;-0,5;;;;;;;;;;;;;;;;;;;;;;;9;2;1;3;0
166;-0,5;-0,5;-0,5;1;-0,5;-0,5;-0,5;-0,5;1;-0,5;-0,5;;;;;;;;;;;;;;;;;;;;;;;9;1;3;2;3
167;-0,5;-0,5;0;1;0;0;-0,5;-0,5;1;-0,5;-0,5;;;;;;;;;;;;;;;;;;;;;;;9;2;3;3;3
168;0;-0,5;-0,5;0;1;0;0;0;1;0;-0,5;;;;;;;;;;;;;;;;;;;;;;;9;2;4;3;3
169;-0,5;-0,5;0;1;0;1;-0,5;-0,5;1;-0,5;-0,5;;;;;;;;;;;;;;;;;;;;;;;9;2;2;2;3
170;-0,5;-0,5;-0,5;-0,5;1;1;-0,5;-0,5;1;-0,5;-0,5;;;;;;;;;;;;;;;;;;;;;;;9;2;1;2;3
171;-0,5;-0,5;-0,5;1;-0,5;-0,5;-0,5;-0,5;0;-0,5;-0,5;;;;;;;;;;;;;;;;;;;;;;;9;2;1;2;3
172;-0,5;-0,5;-0,5;1;1;1;-0,5;-0,5;1;-0,5;-0,5;;;;;;;;;;;;;;;;;;;;;;;9;2;3;2;3
173;0;-0,5;-0,5;1;1;1;0;1;1;1;-0,5;;;;;;;;;;;;;;;;;;;;;;;9;2;3;3;2
174;0;-0,5;-0,5;0;0;0;-0,5;-0,5;1;-0,5;-0,5;;;;;;;;;;;;;;;;;;;;;;;9;1;1;2;0
175;-0,5;-0,5;-0,5;1;1;1;-0,5;-0,5;1;-0,5;-0,5;;;;;;;;;;;;;;;;;;;;;;;9;2;2;2;3
176;0;-0,5;-0,5;1;-0,5;0;0;1;1;0;-0,5;;;;;;;;;;;;;;;;;;;;;;;9;2;1;2;3
177;-0,5;-0,5;-0,5;1;1;1;-0,5;-0,5;1;-0,5;-0,5;;;;;;;;;;;;;;;;;;;;;;;9;1;2;3;2
178;-0,5;-0,5;0;1;0;0;-0,5;-0,5;1;-0,5;-0,5;;;;;;;;;;;;;;;;;;;;;;;9;1;3;2;3
179;-0,5;-0,5;1;1;1;1;-0,5;-0,5;1;-0,5;-0,5;;;;;;;;;;;;;;;;;;;;;;;9;1;2;2;3
180;-0,5;1;0;1;1;1;0;0;1;-0,5;-0,5;;;;;;;;;;;;;;;;;;;;;;;9;2;4;2;0
181;-0,5;-0,5;-0,5;0;0;0;0;-0,5;1;-0,5;-0,5;;;;;;;;;;;;;;;;;;;;;;;9;2;3;4;2
182;0;-0,5;0;0;0;0;0;0;1;0;-0,5;;;;;;;;;;;;;;;;;;;;;;;9;1;4;2;2
183;0;-0,5;-0,5;1;1;1;0;1;1;-0,5;-0,5;;;;;;;;;;;;;;;;;;;;;;;9;2;4;3;2
184;-0,5;-0,5;-0,5;0;0;0;-0,5;0;1;-0,5;-0,5;;;;;;;;;;;;;;;;;;;;;;;9;1;2;2;3
185;1;-0,5;0;1;1;1;0;0;1;0;-0,5;;;;;;;;;;;;;;;;;;;;;;;9;1;5;3;3
186;0;1;-0,5;-0,5;-0,5;-0,5;-0,5;0;1;0;-0,5;;;;;;;;;;;;;;;;;;;;;;;9;2;3;2;1
187;0;-0,5;-0,5;0;0;0;0;0;1;0;-0,5;;;;;;;;;;;;;;;;;;;;;;;9;2;3;2;3
188;0;-0,5;0;0;0;0;0;-0,5;1;-0,5;-0,5;;;;;;;;;;;;;;;;;;;;;;;9;2;5;5;1
189;-0,5;-0,5;0;0;-0,5;-0,5;-0,5;-0,5;1;-0,5;-0,5;;;;;;;;;;;;;;;;;;;;;;;9;2;2;2;2
190;0;0;0;1;-0,5;-0,5;0;-0,5;1;0;-0,5;;;;;;;;;;;;;;;;;;;;;;;9;2;1;2;0
191;-0,5;-0,5;-0,5;1;1;1;-0,5;-0,5;1;-0,5;-0,5;;;;;;;;;;;;;;;;;;;;;;;9;2;1;1;3
192;0;-0,5;0;1;1;1;0;1;1;0;-0,5;;;;;;;;;;;;;;;;;;;;;;;9;1;5;5;3
193;-0,5;-0,5;-0,5;1;0;-0,5;-0,5;-0,5;1;-0,5;-0,5;;;;;;;;;;;;;;;;;;;;;;;9;2;3;7;3
194;0;1;1;-0,5;-0,5;-0,5;0;0;1;0;-0,5;;;;;;;;;;;;;;;;;;;;;;;9;1;5;5;1
195;-0,5;-0,5;1;1;0;-0,5;0;0;1;-0,5;-0,5;;;;;;;;;;;;;;;;;;;;;;;9;2;1;6;3
196;-0,5;-0,5;-0,5;1;1;1;0;0;1;0;-0,5;;;;;;;;;;;;;;;;;;;;;;;9;1;1;6;3
197;-0,5;-0,5;1;1;0;0;-0,5;0;1;-0,5;-0,5;;;;;;;;;;;;;;;;;;;;;;;9;2;2;2;3
198;-0,5;-0,5;0;1;0;1;-0,5;-0,5;1;-0,5;-0,5;;;;;;;;;;;;;;;;;;;;;;;9;2;2;2;3
199;-0,5;-0,5;0;1;1;1;0;-0,5;1;0;-0,5;;;;;;;;;;;;;;;;;;;;;;;9;1;2;4;3
200;-0,5;-0,5;-0,5;1;1;-0,5;-0,5;-0,5;1;1;-0,5;;;;;;;;;;;;;;;;;;;;;;;9;2;1;4;3
201;-0,5;-0,5;-0,5;0;0;0;-0,5;-0,5;1;-0,5;-0,5;;;;;;;;;;;;;;;;;;;;;;;9;2;1;4;3
202;-0,5;-0,5;-0,5;1;1;1;0;0;1;0;-0,5;;;;;;;;;;;;;;;;;;;;;;;9;2;2;2;3
203;-0,5;-0,5;-0,5;-0,5;-0,5;-0,5;-0,5;-0,5;1;-0,5;-0,5;;;;;;;;;;;;;;;;;;;;;;;9;2;4;3;1
204;-0,5;-0,5;-0,5;1;1;1;-0,5;0;1;0;-0,5;;;;;;;;;;;;;;;;;;;;;;;9;1;4;7;2
205;-0,5;-0,5;-0,5;-0,5;-0,5;-0,5;-0,5;-0,5;1;-0,5;-0,5;;;;;;;;;;;;;;;;;;;;;;;9;1;4;2;0
206;0;-0,5;-0,5;0;0;0;0;0;1;0;-0,5;;;;;;;;;;;;;;;;;;;;;;;9;2;2;2;2
207;-0,5;-0,5;-0,5;1;1;1;-0,5;0;1;-0,5;-0,5;;;;;;;;;;;;;;;;;;;;;;;9;1;3;3;3
208;0;-0,5;1;1;1;1;0;0;1;-0,5;-0,5;;;;;;;;;;;;;;;;;;;;;;;9;2;5;5;2
209;-0,5;-0,5;-0,5;1;1;1;-0,5;-0,5;1;-0,5;-0,5;;;;;;;;;;;;;;;;;;;;;;;9;2;4;3;3
210;-0,5;-0,5;-0,5;1;0;0;0;0;1;0;-0,5;;;;;;;;;;;;;;;;;;;;;;;9;2;3;2;3
211;-0,5;-0,5;0;0;0;0;-0,5;-0,5;1;-0,5;-0,5;;;;;;;;;;;;;;;;;;;;;;;9;0;0;5;2
212;0;-0,5;-0,5;1;0;1;-0,5;-0,5;1;-0,5;-0,5;;;;;;;;;;;;;;;;;;;;;;;9;2;1;6;2
213;1;-0,5;1;0;1;1;1;0;0;1;-0,5;;;;;;;;;;;;;;;;;;;;;;;10;1;3;2;3
214;1;-0,5;0;-0,5;-0,5;-0,5;-0,5;-0,5;1;1;-0,5;;;;;;;;;;;;;;;;;;;;;;;10;2;4;2;2
215;0;-0,5;-0,5;-0,5;-0,5;-0,5;-0,5;0;-0,5;1;1;;;;;;;;;;;;;;;;;;;;;;;10;2;3;2;3
216;-0,5;-0,5;-0,5;0;1;1;0;0;0;0;-0,5;;;;;;;;;;;;;;;;;;;;;;;10;2;4;3;3
217;0;1;-0,5;-0,5;-0,5;-0,5;-0,5;1;-0,5;1;-0,5;;;;;;;;;;;;;;;;;;;;;;;10;2;2;2;2
218;1;-0,5;-0,5;-0,5;-0,5;-0,5;0;0;1;0;1;;;;;;;;;;;;;;;;;;;;;;;11;2;4;3;3
219;1;-0,5;0;0;0;-0,5;0;0;0;0;1;;;;;;;;;;;;;;;;;;;;;;;11;2;6;5;2
220;0;-0,5;0;-0,5;-0,5;-0,5;0;0;-0,5;0;1;;;;;;;;;;;;;;;;;;;;;;;11;1;3;1;2
221;0;-0,5;0;0;-0,5;-0,5;-0,5;-0,5;-0,5;-0,5;1;;;;;;;;;;;;;;;;;;;;;;;11;0;5;1;0
222;0;-0,5;1;-0,5;-0,5;-0,5;0;0;-0,5;-0,5;1;;;;;;;;;;;;;;;;;;;;;;;11;2;4;2;3
223;1;1;-0,5;-0,5;-0,5;-0,5;-0,5;-0,5;-0,5;-0,5;1;;;;;;;;;;;;;;;;;;;;;;;11;1;5;5;3
224;1;0;-0,5;-0,5;-0,5;-0,5;0;1;-0,5;0;1;;;;;;;;;;;;;;;;;;;;;;;11;1;5;5;3
225;-0,5;0;0;-0,5;-0,5;-0,5;-0,5;-0,5;0;0;1;;;;;;;;;;;;;;;;;;;;;;;11;1;2;2;2
226;0;1;-0,5;-0,5;-0,5;-0,5;-0,5;0;-0,5;0;1;;;;;;;;;;;;;;;;;;;;;;;11;0;5;1;3
227;0;-0,5;0;-0,5;-0,5;-0,5;-0,5;-0,5;-0,5;-0,5;1;;;;;;;;;;;;;;;;;;;;;;;11;1;5;3;3
228;0;-0,5;0;-0,5;-0,5;-0,5;-0,5;-0,5;-0,5;-0,5;1;;;;;;;;;;;;;;;;;;;;;;;11;2;5;1;3
229;-0,5;-0,5;-0,5;-0,5;-0,5;-0,5;-0,5;-0,5;-0,5;-0,5;1;;;;;;;;;;;;;;;;;;;;;;;11;2;3;1;3
230;0;-0,5;1;-0,5;-0,5;-0,5;-0,5;-0,5;-0,5;-0,5;1;;;;;;;;;;;;;;;;;;;;;;;11;1;1;6;3
231;1;1;-0,5;-0,5;-0,5;-0,5;-0,5;0;-0,5;-0,5;1;;;;;;;;;;;;;;;;;;;;;;;11;2;6;5;3
232;0;-0,5;0;-0,5;-0,5;-0,5;-0,5;-0,5;-0,5;-0,5;1;;;;;;;;;;;;;;;;;;;;;;;11;2;3;2;3
233;-0,5;-0,5;0;-0,5;-0,5;-0,5;-0,5;-0,5;-0,5;-0,5;1;;;;;;;;;;;;;;;;;;;;;;;11;2;5;5;3
234;1;0;1;-0,5;-0,5;-0,5;0;0;0;0;1;;;;;;;;;;;;;;;;;;;;;;;11;1;5;5;3
235;-0,5;-0,5;1;-0,5;-0,5;-0,5;-0,5;-0,5;-0,5;-0,5;1;;;;;;;;;;;;;;;;;;;;;;;11;1;5;2;2
236;-0,5;-0,5;1;-0,5;-0,5;-0,5;-0,5;-0,5;-0,5;-0,5;1;;;;;;;;;;;;;;;;;;;;;;;11;1;6;5;3
237;0;-0,5;0;-0,5;-0,5;-0,5;0;0;-0,5;0;1;;;;;;;;;;;;;;;;;;;;;;;11;1;6;5;3
238;-0,5;-0,5;-0,5;-0,5;-0,5;-0,5;-0,5;-0,5;-0,5;-0,5;1;;;;;;;;;;;;;;;;;;;;;;;11;1;4;2;3
239;-0,5;0;0;-0,5;-0,5;-0,5;-0,5;-0,5;0;-0,5;1;;;;;;;;;;;;;;;;;;;;;;;11;2;4;1;2
240;0;0;-0,5;-0,5;0;0;0;0;-0,5;0;1;;;;;;;;;;;;;;;;;;;;;;;11;1;6;5;2
241;1;-0,5;-0,5;-0,5;-0,5;-0,5;-0,5;-0,5;-0,5;1;1;;;;;;;;;;;;;;;;;;;;;;;11;1;2;2;3
242;0;-0,5;1;-0,5;-0,5;-0,5;-0,5;0;-0,5;-0,5;1;;;;;;;;;;;;;;;;;;;;;;;11;1;6;5;2
243;1;-0,5;0;-0,5;-0,5;-0,5;-0,5;0;0;0;1;;;;;;;;;;;;;;;;;;;;;;;11;1;6;5;0
244;-0,5;0;-0,5;-0,5;-0,5;-0,5;-0,5;-0,5;-0,5;-0,5;1;;;;;;;;;;;;;;;;;;;;;;;11;2;4;1;3
245;1;0;-0,5;-0,5;-0,5;-0,5;-0,5;-0,5;-0,5;-0,5;0;;;;;;;;;;;;;;;;;;;;;;;12;2;3;2;3
246;0;-0,5;0;0;0;0;0;0;0;0;-0,5;;;;;;;;;;;;;;;;;;;;;;;12;1;1;7;2
247;-0,5;-0,5;-0,5;-0,5;-0,5;-0,5;-0,5;-0,5;-0,5;-0,5;-0,5;;;;;;;;;;;;;;;;;;;;;;;12;1;4;2;2
248;;;;;;;;;;;;-1;0;-1;-1;-1;-1;-1;0;-1;-1;1;;;;;;;;;;;;0;2;3;2;0
249;;;;;;;;;;;;0;-1;-1;-1;1;-1;1;1;-1;1;-1;;;;;;;;;;;;0;2;5;5;3
250;;;;;;;;;;;;-1;-1;-1;-1;0;0;-1;1;1;-1;-1;;;;;;;;;;;;0;1;1;7;3
251;;;;;;;;;;;;1;-1;-1;-1;-1;-1;-1;-1;-1;-1;1;;;;;;;;;;;;0;0;0;0;0
252;;;;;;;;;;;;-1;-1;0;1;0;0;0;1;1;-1;-1;;;;;;;;;;;;0;0;0;0;0
253;;;;;;;;;;;;0;1;0;0;0;0;0;1;1;0;-1;;;;;;;;;;;;0;1;5;1;2
254;;;;;;;;;;;;0;-1;-1;-1;-1;-1;-1;-1;-1;-1;1;;;;;;;;;;;;0;0;0;0;0
255;;;;;;;;;;;;0;-1;1;1;1;1;-1;0;1;0;-1;;;;;;;;;;;;0;0;0;0;0
256;;;;;;;;;;;;1;1;-1;-1;-1;-1;1;1;-1;1;1;;;;;;;;;;;;0;0;0;0;0
257;;;;;;;;;;;;-1;-1;1;1;1;1;0;0;1;0;-1;;;;;;;;;;;;0;0;0;0;0
258;;;;;;;;;;;;1;1;0;-1;-1;-1;0;0;-1;0;1;;;;;;;;;;;;0;0;0;0;0
259;;;;;;;;;;;;1;-1;1;1;-1;-1;-1;-1;1;1;-1;;;;;;;;;;;;0;1;0;5;0
260;;;;;;;;;;;;1;0;-1;-1;0;-1;0;0;-1;0;-1;;;;;;;;;;;;1;1;3;1;3
261;;;;;;;;;;;;1;0;0;-1;-1;-1;0;0;0;0;0;;;;;;;;;;;;1;2;4;2;2
262;;;;;;;;;;;;1;0;-1;0;-1;-1;-1;-1;-1;0;-1;;;;;;;;;;;;1;1;3;1;3
263;;;;;;;;;;;;1;0;1;-1;-1;-1;-1;-1;-1;-1;-1;;;;;;;;;;;;1;0;3;3;2
264;;;;;;;;;;;;1;0;0;1;-1;-1;-1;0;1;0;-1;;;;;;;;;;;;1;2;4;2;2
265;;;;;;;;;;;;1;0;0;0;-1;-1;0;1;0;1;-1;;;;;;;;;;;;1;1;3;2;2
266;;;;;;;;;;;;1;-1;-1;0;0;0;0;0;0;0;-1;;;;;;;;;;;;1;2;2;2;2
267;;;;;;;;;;;;1;-1;0;0;-1;-1;-1;0;0;-1;0;;;;;;;;;;;;1;1;1;2;3
268;;;;;;;;;;;;1;-1;-1;0;-1;-1;-1;0;-1;-1;0;;;;;;;;;;;;1;2;1;2;3
269;;;;;;;;;;;;1;-1;0;0;0;0;0;0;-1;0;-1;;;;;;;;;;;;1;1;4;2;1
270;;;;;;;;;;;;1;-1;-1;-1;-1;-1;-1;0;-1;0;-1;;;;;;;;;;;;1;1;6;5;3
271;;;;;;;;;;;;1;-1;-1;-1;-1;-1;0;-1;-1;0;-1;;;;;;;;;;;;1;2;5;5;2
272;;;;;;;;;;;;1;-1;-1;-1;-1;-1;-1;-1;-1;0;-1;;;;;;;;;;;;1;2;2;1;3
273;;;;;;;;;;;;1;-1;0;0;-1;-1;-1;-1;0;0;-1;;;;;;;;;;;;1;2;1;6;3
274;;;;;;;;;;;;1;-1;0;-1;0;0;0;-1;0;1;0;;;;;;;;;;;;1;2;2;3;3
275;;;;;;;;;;;;1;1;0;-1;-1;-1;0;-1;-1;-1;0;;;;;;;;;;;;1;1;5;5;3
276;;;;;;;;;;;;1;1;-1;-1;-1;-1;-1;0;-1;0;0;;;;;;;;;;;;1;1;3;2;3
277;;;;;;;;;;;;1;1;0;-1;-1;-1;-1;-1;0;-1;1;;;;;;;;;;;;1;2;3;7;2
278;;;;;;;;;;;;1;1;-1;-1;-1;-1;0;0;-1;0;0;;;;;;;;;;;;1;2;2;2;3
279;;;;;;;;;;;;0;1;-1;0;1;-1;-1;-1;-1;0;-1;;;;;;;;;;;;2;1;2;2;2
280;;;;;;;;;;;;1;1;-1;-1;-1;-1;-1;0;0;-1;-1;;;;;;;;;;;;2;1;2;3;3
281;;;;;;;;;;;;-1;1;0;0;-1;-1;-1;-1;-1;0;-1;;;;;;;;;;;;2;2;6;5;2
282;;;;;;;;;;;;1;1;-1;1;1;0;0;0;-1;1;-1;;;;;;;;;;;;2;1;3;4;2
283;;;;;;;;;;;;1;1;-1;-1;-1;-1;-1;-1;-1;-1;1;;;;;;;;;;;;2;2;1;2;3
284;;;;;;;;;;;;-1;1;-1;-1;-1;-1;-1;-1;-1;-1;-1;;;;;;;;;;;;2;1;1;4;1
285;;;;;;;;;;;;1;1;0;-1;-1;-1;-1;1;-1;1;1;;;;;;;;;;;;2;2;5;5;2
286;;;;;;;;;;;;0;1;-1;-1;0;1;0;0;1;0;-1;;;;;;;;;;;;2;1;3;2;1
287;;;;;;;;;;;;0;1;-1;0;1;-1;0;0;-1;0;1;;;;;;;;;;;;2;2;2;2;0
288;;;;;;;;;;;;1;1;0;-1;0;-1;-1;-1;-1;-1;-1;;;;;;;;;;;;2;2;2;3;2
289;;;;;;;;;;;;1;1;-1;-1;-1;-1;1;0;-1;-1;1;;;;;;;;;;;;2;2;4;2;2
290;;;;;;;;;;;;0;1;-1;-1;-1;-1;0;-1;-1;0;-1;;;;;;;;;;;;2;2;1;4;2
291;;;;;;;;;;;;-1;0;1;0;-1;-1;-1;-1;-1;-1;-1;;;;;;;;;;;;2;2;1;3;2
292;;;;;;;;;;;;-1;1;0;0;0;0;-1;0;-1;-1;-1;;;;;;;;;;;;2;2;4;3;2
293;;;;;;;;;;;;-1;1;-1;-1;-1;-1;-1;-1;-1;-1;-1;;;;;;;;;;;;2;2;2;4;1
294;;;;;;;;;;;;-1;1;-1;-1;-1;-1;-1;-1;-1;-1;-1;;;;;;;;;;;;2;2;2;2;3
295;;;;;;;;;;;;-1;1;1;-1;-1;-1;-1;-1;-1;-1;0;;;;;;;;;;;;2;2;1;2;3
296;;;;;;;;;;;;0;1;-1;-1;-1;-1;-1;0;-1;-1;0;;;;;;;;;;;;2;1;1;2;2
297;;;;;;;;;;;;0;1;-1;-1;0;0;0;0;1;-1;1;;;;;;;;;;;;2;2;3;2;2
298;;;;;;;;;;;;1;1;-1;0;-1;-1;0;-1;-1;0;-1;;;;;;;;;;;;2;1;1;2;2
299;;;;;;;;;;;;1;1;0;-1;-1;-1;-1;0;-1;-1;1;;;;;;;;;;;;2;1;4;3;2
300;;;;;;;;;;;;0;1;-1;-1;-1;-1;-1;-1;-1;-1;-1;;;;;;;;;;;;2;2;2;4;3
301;;;;;;;;;;;;-1;1;-1;-1;-1;-1;-1;-1;-1;-1;-1;;;;;;;;;;;;2;1;2;2;2
302;;;;;;;;;;;;0;1;0;-1;-1;-1;-1;-1;-1;-1;-1;;;;;;;;;;;;2;2;5;5;1
303;;;;;;;;;;;;0;-1;1;1;0;1;0;1;1;0;-1;;;;;;;;;;;;2;1;1;6;3
304;;;;;;;;;;;;1;1;-1;-1;1;1;1;0;1;0;-1;;;;;;;;;;;;2;2;3;2;3
305;;;;;;;;;;;;-1;-1;1;0;-1;-1;-1;-1;-1;-1;-1;;;;;;;;;;;;3;2;3;3;3
306;;;;;;;;;;;;0;-1;1;1;-1;-1;-1;-1;1;-1;-1;;;;;;;;;;;;3;1;2;2;3
307;;;;;;;;;;;;1;-1;1;-1;-1;-1;-1;-1;-1;-1;1;;;;;;;;;;;;3;1;3;2;3
308;;;;;;;;;;;;1;-1;1;-1;-1;-1;-1;-1;1;-1;-1;;;;;;;;;;;;3;2;5;5;1
309;;;;;;;;;;;;-1;-1;1;-1;-1;-1;-1;-1;-1;-1;-1;;;;;;;;;;;;3;1;4;2;3
310;;;;;;;;;;;;1;-1;1;0;-1;-1;0;1;0;0;-1;;;;;;;;;;;;3;1;6;5;2
311;;;;;;;;;;;;-1;-1;1;1;-1;0;-1;0;0;-1;-1;;;;;;;;;;;;3;1;1;6;3
312;;;;;;;;;;;;-1;-1;1;-1;-1;-1;-1;0;-1;-1;-1;;;;;;;;;;;;3;1;6;5;3
313;;;;;;;;;;;;0;-1;1;0;0;1;-1;0;1;0;-1;;;;;;;;;;;;3;1;4;2;3
314;;;;;;;;;;;;-1;-1;1;1;0;-1;-1;-1;-1;-1;-1;;;;;;;;;;;;3;2;4;3;2
315;;;;;;;;;;;;-1;-1;1;-1;0;0;0;-1;-1;0;-1;;;;;;;;;;;;3;2;3;6;2
316;;;;;;;;;;;;-1;-1;1;0;-1;-1;-1;-1;0;-1;-1;;;;;;;;;;;;3;1;4;1;3
317;;;;;;;;;;;;1;-1;1;-1;-1;-1;-1;-1;0;-1;0;;;;;;;;;;;;3;2;3;3;3
318;;;;;;;;;;;;0;-1;1;0;-1;-1;0;0;-1;-1;-1;;;;;;;;;;;;3;1;4;1;2
319;;;;;;;;;;;;-1;-1;1;0;-1;-1;-1;-1;0;-1;-1;;;;;;;;;;;;3;2;1;6;3
320;;;;;;;;;;;;0;-1;1;0;0;0;-1;-1;1;0;-1;;;;;;;;;;;;3;1;3;2;2
321;;;;;;;;;;;;-1;-1;1;0;1;1;0;0;-1;-1;-1;;;;;;;;;;;;3;2;5;5;2
322;;;;;;;;;;;;-1;-1;1;0;0;0;0;-1;1;-1;-1;;;;;;;;;;;;3;1;1;6;3
323;;;;;;;;;;;;-1;-1;1;1;-1;-1;-1;-1;-1;-1;-1;;;;;;;;;;;;3;2;2;3;3
324;;;;;;;;;;;;-1;-1;0;0;0;0;0;0;0;-1;-1;;;;;;;;;;;;3;1;4;3;3
325;;;;;;;;;;;;0;-1;1;0;-1;0;-1;-1;0;-1;-1;;;;;;;;;;;;3;1;5;1;3
326;;;;;;;;;;;;0;-1;1;0;0;0;0;0;0;0;-1;;;;;;;;;;;;3;2;5;5;3
327;;;;;;;;;;;;-1;-1;1;1;0;0;1;0;1;-1;-1;;;;;;;;;;;;3;1;3;2;3
328;;;;;;;;;;;;1;0;1;-1;-1;-1;-1;-1;-1;-1;-1;;;;;;;;;;;;3;1;3;2;2
329;;;;;;;;;;;;-1;-1;1;1;1;0;0;0;1;0;-1;;;;;;;;;;;;3;2;4;2;2
330;;;;;;;;;;;;1;0;1;-1;-1;-1;0;-1;1;0;-1;;;;;;;;;;;;3;1;1;2;2
331;;;;;;;;;;;;-1;-1;1;0;-1;-1;0;-1;0;-1;-1;;;;;;;;;;;;3;1;3;3;3
332;;;;;;;;;;;;-1;-1;1;1;1;1;-1;0;0;-1;-1;;;;;;;;;;;;3;1;3;2;3
333;;;;;;;;;;;;1;-1;1;-1;-1;-1;-1;0;-1;-1;-1;;;;;;;;;;;;3;2;2;2;3
334;;;;;;;;;;;;-1;-1;1;0;-1;-1;-1;-1;-1;-1;0;;;;;;;;;;;;3;1;5;5;2
335;;;;;;;;;;;;-1;-1;1;0;0;0;-1;0;1;-1;-1;;;;;;;;;;;;3;1;1;4;3
336;;;;;;;;;;;;-1;-1;1;0;-1;-1;-1;-1;0;-1;-1;;;;;;;;;;;;3;1;3;2;3
337;;;;;;;;;;;;-1;-1;1;0;-1;-1;0;-1;0;-1;0;;;;;;;;;;;;3;2;3;2;3
338;;;;;;;;;;;;0;1;1;0;0;1;-1;1;1;0;1;;;;;;;;;;;;3;1;3;2;2
339;;;;;;;;;;;;-1;-1;1;-1;0;0;0;-1;0;-1;-1;;;;;;;;;;;;3;1;5;5;3
340;;;;;;;;;;;;-1;-1;1;1;1;1;0;-1;1;0;-1;;;;;;;;;;;;3;1;3;3;3
341;;;;;;;;;;;;-1;-1;1;-1;-1;-1;-1;-1;0;-1;-1;;;;;;;;;;;;3;2;2;2;3
342;;;;;;;;;;;;0;-1;1;0;-1;-1;-1;-1;0;-1;-1;;;;;;;;;;;;3;2;3;2;3
343;;;;;;;;;;;;0;1;1;-1;-1;-1;-1;-1;-1;-1;0;;;;;;;;;;;;3;1;5;5;2
344;;;;;;;;;;;;-1;-1;1;0;-1;-1;-1;-1;-1;-1;-1;;;;;;;;;;;;3;2;1;6;3
345;;;;;;;;;;;;-1;0;0;-1;-1;-1;-1;-1;-1;-1;-1;;;;;;;;;;;;3;2;1;6;3
346;;;;;;;;;;;;0;-1;1;1;-1;-1;-1;-1;0;-1;1;;;;;;;;;;;;3;2;3;3;3
347;;;;;;;;;;;;0;-1;1;0;0;0;0;0;0;0;1;;;;;;;;;;;;3;0;6;5;3
348;;;;;;;;;;;;-1;-1;1;0;0;0;1;1;-1;-1;-1;;;;;;;;;;;;3;2;2;3;3
349;;;;;;;;;;;;-1;-1;1;-1;-1;-1;-1;-1;-1;-1;1;;;;;;;;;;;;3;1;3;2;3
350;;;;;;;;;;;;0;-1;1;-1;0;-1;-1;-1;-1;-1;0;;;;;;;;;;;;3;2;3;4;3
351;;;;;;;;;;;;1;1;1;1;-1;0;-1;-1;-1;-1;0;;;;;;;;;;;;3;1;1;6;2
352;;;;;;;;;;;;1;1;1;-1;0;0;0;0;-1;0;1;;;;;;;;;;;;3;1;3;4;2
353;;;;;;;;;;;;-1;-1;1;1;0;-1;-1;-1;-1;-1;-1;;;;;;;;;;;;3;2;6;5;3
354;;;;;;;;;;;;-1;-1;1;1;-1;-1;-1;-1;0;-1;-1;;;;;;;;;;;;3;1;4;2;3
355;;;;;;;;;;;;0;-1;1;-1;-1;-1;-1;-1;1;-1;0;;;;;;;;;;;;3;2;2;1;1
356;;;;;;;;;;;;0;-1;1;-1;-1;0;-1;0;-1;0;-1;;;;;;;;;;;;3;2;3;2;3
357;;;;;;;;;;;;-1;-1;1;1;0;0;-1;-1;0;-1;-1;;;;;;;;;;;;3;2;1;6;3
358;;;;;;;;;;;;-1;-1;1;0;0;0;0;1;1;0;-1;;;;;;;;;;;;3;1;4;2;0
359;;;;;;;;;;;;0;-1;1;1;0;0;-1;0;-1;0;0;;;;;;;;;;;;4;2;3;2;3
360;;;;;;;;;;;;-1;-1;-1;1;1;1;0;0;1;0;-1;;;;;;;;;;;;4;2;3;3;3
361;;;;;;;;;;;;-1;-1;0;1;-1;-1;-1;-1;0;-1;-1;;;;;;;;;;;;4;0;6;5;1
362;;;;;;;;;;;;-1;-1;1;1;0;0;0;1;1;-1;-1;;;;;;;;;;;;4;1;3;3;3
363;;;;;;;;;;;;-1;-1;-1;1;-1;-1;-1;-1;-1;-1;-1;;;;;;;;;;;;4;2;3;4;3
364;;;;;;;;;;;;0;-1;0;1;0;0;0;0;1;0;-1;;;;;;;;;;;;4;2;1;6;3
365;;;;;;;;;;;;-1;-1;1;1;-1;-1;-1;-1;-1;-1;-1;;;;;;;;;;;;4;2;1;3;3
366;;;;;;;;;;;;-1;-1;0;1;0;0;-1;-1;-1;-1;-1;;;;;;;;;;;;4;2;4;3;3
367;;;;;;;;;;;;-1;-1;0;1;-1;0;-1;-1;0;-1;-1;;;;;;;;;;;;4;1;2;2;3
368;;;;;;;;;;;;-1;-1;-1;1;0;0;-1;-1;1;-1;-1;;;;;;;;;;;;4;2;3;1;3
369;;;;;;;;;;;;-1;-1;-1;1;-1;-1;-1;-1;1;-1;-1;;;;;;;;;;;;4;2;1;2;2
370;;;;;;;;;;;;-1;-1;0;1;0;0;-1;0;1;-1;-1;;;;;;;;;;;;4;1;3;4;3
371;;;;;;;;;;;;-1;-1;0;1;0;1;-1;-1;1;-1;-1;;;;;;;;;;;;4;2;1;2;3
372;;;;;;;;;;;;-1;-1;-1;1;0;0;0;-1;1;-1;-1;;;;;;;;;;;;4;2;4;2;3
373;;;;;;;;;;;;1;-1;1;1;0;0;-1;0;0;-1;-1;;;;;;;;;;;;4;1;4;1;3
374;;;;;;;;;;;;-1;-1;-1;1;0;0;-1;0;1;-1;-1;;;;;;;;;;;;4;2;3;3;3
375;;;;;;;;;;;;0;-1;-1;1;0;0;-1;1;1;0;-1;;;;;;;;;;;;4;1;5;5;3
376;;;;;;;;;;;;-1;-1;-1;1;1;1;-1;-1;1;-1;-1;;;;;;;;;;;;4;2;4;3;0
377;;;;;;;;;;;;-1;-1;0;1;0;0;0;-1;0;0;-1;;;;;;;;;;;;4;2;3;2;2
378;;;;;;;;;;;;0;-1;0;1;0;0;0;0;0;0;0;;;;;;;;;;;;4;2;6;5;2
379;;;;;;;;;;;;-1;-1;1;1;0;0;-1;-1;1;0;-1;;;;;;;;;;;;4;1;2;2;3
380;;;;;;;;;;;;0;-1;1;1;-1;0;0;0;1;0;-1;;;;;;;;;;;;4;2;3;3;3
381;;;;;;;;;;;;0;-1;-1;1;0;0;0;0;0;0;-1;;;;;;;;;;;;4;2;2;2;3
382;;;;;;;;;;;;-1;-1;0;1;0;-1;-1;-1;0;-1;-1;;;;;;;;;;;;4;1;3;1;2
383;;;;;;;;;;;;1;1;-1;0;1;1;1;1;1;1;-1;;;;;;;;;;;;6;2;2;2;1
384;;;;;;;;;;;;0;1;-1;0;0;1;0;0;1;1;-1;;;;;;;;;;;;6;2;1;4;2
385;;;;;;;;;;;;-1;-1;-1;-1;1;1;0;0;1;1;-1;;;;;;;;;;;;6;2;3;2;3
386;;;;;;;;;;;;0;-1;-1;1;0;0;1;-1;1;-1;-1;;;;;;;;;;;;7;1;1;4;3
387;;;;;;;;;;;;-1;-1;0;0;1;1;0;1;0;0;-1;;;;;;;;;;;;8;1;4;4;2
388;;;;;;;;;;;;0;-1;1;1;-1;0;1;1;-1;-1;-1;;;;;;;;;;;;8;1;3;3;3
389;;;;;;;;;;;;-1;1;1;0;-1;0;-1;1;1;-1;0;;;;;;;;;;;;8;1;3;2;2
390;;;;;;;;;;;;0;-1;-1;-1;1;-1;1;1;1;1;-1;;;;;;;;;;;;9;1;4;2;0
391;;;;;;;;;;;;-1;-1;-1;0;1;1;-1;0;1;-1;-1;;;;;;;;;;;;9;1;5;5;3
392;;;;;;;;;;;;-1;-1;-1;1;0;0;0;-1;1;0;-1;;;;;;;;;;;;9;2;2;3;0
393;;;;;;;;;;;;0;0;-1;-1;1;1;0;0;1;0;-1;;;;;;;;;;;;9;2;1;6;3
394;;;;;;;;;;;;-1;-1;0;-1;-1;-1;-1;-1;1;-1;-1;;;;;;;;;;;;9;2;2;2;1
395;;;;;;;;;;;;-1;-1;-1;0;0;0;-1;-1;1;-1;-1;;;;;;;;;;;;9;2;0;2;3
396;;;;;;;;;;;;-1;-1;-1;1;0;1;0;0;1;0;-1;;;;;;;;;;;;9;2;4;3;3
397;;;;;;;;;;;;-1;-1;-1;1;0;0;0;-1;1;0;-1;;;;;;;;;;;;9;2;1;6;2
398;;;;;;;;;;;;-1;-1;-1;1;0;1;-1;-1;1;0;-1;;;;;;;;;;;;9;2;1;6;3
399;;;;;;;;;;;;-1;-1;-1;1;1;1;-1;-1;1;-1;-1;;;;;;;;;;;;9;2;2;1;3
400;;;;;;;;;;;;-1;-1;-1;-1;0;1;-1;-1;1;-1;-1;;;;;;;;;;;;9;1;1;4;3
401;;;;;;;;;;;;-1;-1;-1;1;0;1;-1;-1;1;-1;-1;;;;;;;;;;;;9;1;1;6;3
402;;;;;;;;;;;;0;-1;0;1;1;1;0;0;1;0;-1;;;;;;;;;;;;9;2;4;2;2
403;;;;;;;;;;;;0;-1;0;0;0;1;-1;-1;1;-1;-1;;;;;;;;;;;;9;2;2;3;3
404;;;;;;;;;;;;0;-1;-1;1;-1;1;0;-1;1;0;-1;;;;;;;;;;;;9;1;5;5;2
405;;;;;;;;;;;;-1;-1;-1;0;0;0;-1;-1;1;-1;-1;;;;;;;;;;;;9;2;3;2;3
406;;;;;;;;;;;;-1;-1;0;0;-1;-1;-1;0;1;-1;-1;;;;;;;;;;;;9;1;4;1;3
407;;;;;;;;;;;;-1;-1;0;0;0;1;0;1;1;-1;-1;;;;;;;;;;;;9;2;5;5;2
408;;;;;;;;;;;;-1;-1;1;1;0;0;0;0;1;0;-1;;;;;;;;;;;;9;2;4;3;3
409;;;;;;;;;;;;1;1;-1;0;1;1;0;0;1;0;-1;;;;;;;;;;;;9;1;3;0;0
410;;;;;;;;;;;;-1;-1;-1;1;-1;1;-1;-1;1;-1;-1;;;;;;;;;;;;9;2;4;3;3
411;;;;;;;;;;;;0;-1;0;1;1;0;-1;0;1;0;-1;;;;;;;;;;;;9;2;3;3;3
412;;;;;;;;;;;;1;-1;0;0;0;0;-1;-1;1;1;-1;;;;;;;;;;;;9;2;4;2;2
413;;;;;;;;;;;;0;-1;1;1;0;0;0;0;1;0;-1;;;;;;;;;;;;9;2;4;2;3
414;;;;;;;;;;;;-1;-1;0;1;1;1;-1;0;1;-1;-1;;;;;;;;;;;;9;2;1;6;3
415;;;;;;;;;;;;-1;-1;-1;1;0;0;0;1;1;-1;-1;;;;;;;;;;;;9;1;4;3;3
416;;;;;;;;;;;;-1;-1;-1;1;0;-1;-1;-1;1;-1;-1;;;;;;;;;;;;9;2;4;3;3
417;;;;;;;;;;;;-1;-1;0;1;1;0;-1;-1;1;-1;-1;;;;;;;;;;;;9;2;4;2;3
418;;;;;;;;;;;;-1;-1;-1;-1;0;0;0;0;1;1;-1;;;;;;;;;;;;9;2;4;2;2
419;;;;;;;;;;;;0;-1;1;1;0;0;-1;-1;1;-1;-1;;;;;;;;;;;;9;1;2;2;3
420;;;;;;;;;;;;-1;-1;-1;0;0;0;-1;-1;1;0;-1;;;;;;;;;;;;9;1;3;1;1
421;;;;;;;;;;;;0;-1;-1;1;0;0;-1;0;1;-1;-1;;;;;;;;;;;;9;2;1;1;3
422;;;;;;;;;;;;-1;0;0;0;-1;-1;-1;-1;1;-1;-1;;;;;;;;;;;;9;1;2;2;2
423;;;;;;;;;;;;-1;-1;-1;0;0;0;0;1;1;0;0;;;;;;;;;;;;9;1;4;1;3
424;;;;;;;;;;;;-1;-1;0;1;0;-1;-1;-1;1;-1;-1;;;;;;;;;;;;9;2;2;7;2
425;;;;;;;;;;;;-1;-1;-1;1;0;1;-1;-1;1;-1;-1;;;;;;;;;;;;9;1;2;3;3
426;;;;;;;;;;;;-1;-1;0;1;1;0;-1;0;1;-1;-1;;;;;;;;;;;;9;1;3;2;3
427;;;;;;;;;;;;1;0;0;0;1;1;0;0;1;0;-1;;;;;;;;;;;;9;2;4;3;2
428;;;;;;;;;;;;-1;-1;0;1;0;0;0;0;1;0;-1;;;;;;;;;;;;9;1;2;2;3
429;;;;;;;;;;;;1;-1;0;1;1;1;0;1;1;0;-1;;;;;;;;;;;;9;1;4;2;3
430;;;;;;;;;;;;1;0;-1;-1;0;0;0;0;-1;0;-1;;;;;;;;;;;;9;2;3;3;2
431;;;;;;;;;;;;-1;-1;0;0;-1;-1;-1;0;1;-1;-1;;;;;;;;;;;;9;2;1;6;3
432;;;;;;;;;;;;0;-1;0;1;-1;0;-1;-1;1;-1;-1;;;;;;;;;;;;9;2;5;7;2
433;;;;;;;;;;;;-1;-1;-1;0;-1;-1;0;-1;1;0;-1;;;;;;;;;;;;9;2;6;5;2
434;;;;;;;;;;;;-1;-1;-1;-1;0;0;-1;-1;1;0;-1;;;;;;;;;;;;9;2;1;1;3
435;;;;;;;;;;;;-1;-1;-1;1;1;1;0;1;1;0;-1;;;;;;;;;;;;9;2;4;2;2
436;;;;;;;;;;;;-1;-1;0;1;0;0;-1;-1;1;-1;0;;;;;;;;;;;;9;2;1;2;3
437;;;;;;;;;;;;1;-1;1;1;1;1;1;0;1;0;-1;;;;;;;;;;;;9;1;2;3;3
438;;;;;;;;;;;;-1;-1;-1;0;1;1;-1;-1;1;-1;-1;;;;;;;;;;;;9;1;2;3;3
439;;;;;;;;;;;;-1;-1;1;1;-1;0;-1;-1;1;0;-1;;;;;;;;;;;;9;1;4;7;3
440;;;;;;;;;;;;0;-1;-1;-1;0;0;0;0;0;0;0;;;;;;;;;;;;9;0;2;4;3
441;;;;;;;;;;;;-1;-1;-1;1;1;1;-1;-1;1;-1;-1;;;;;;;;;;;;9;2;2;2;3
442;;;;;;;;;;;;0;-1;-1;1;0;1;0;0;1;0;-1;;;;;;;;;;;;9;1;1;6;3
443;;;;;;;;;;;;-1;-1;-1;-1;-1;-1;-1;-1;1;-1;-1;;;;;;;;;;;;9;1;3;2;2
444;;;;;;;;;;;;-1;-1;-1;-1;-1;-1;-1;-1;1;-1;-1;;;;;;;;;;;;9;0;3;3;2
445;;;;;;;;;;;;0;-1;-1;0;0;0;-1;-1;1;0;-1;;;;;;;;;;;;9;1;3;3;2
446;;;;;;;;;;;;-1;-1;0;0;0;0;0;0;1;0;-1;;;;;;;;;;;;9;2;1;6;2
447;;;;;;;;;;;;0;-1;-1;1;0;0;0;-1;1;-1;-1;;;;;;;;;;;;9;2;4;3;3
448;;;;;;;;;;;;1;-1;-1;-1;-1;-1;-1;0;1;-1;-1;;;;;;;;;;;;9;1;3;1;3
449;;;;;;;;;;;;-1;-1;-1;-1;-1;-1;-1;-1;1;-1;-1;;;;;;;;;;;;9;2;3;4;2
450;;;;;;;;;;;;0;-1;1;1;1;1;-1;1;1;1;-1;;;;;;;;;;;;9;0;5;5;3
451;;;;;;;;;;;;0;0;-1;1;-1;-1;-1;-1;1;-1;-1;;;;;;;;;;;;9;2;4;2;2
452;;;;;;;;;;;;-1;-1;-1;-1;0;0;-1;-1;1;-1;-1;;;;;;;;;;;;9;2;5;5;3
453;;;;;;;;;;;;0;-1;-1;1;0;1;-1;-1;1;-1;-1;;;;;;;;;;;;9;1;1;6;3
454;;;;;;;;;;;;-1;-1;0;1;1;1;0;-1;1;-1;-1;;;;;;;;;;;;9;4;4;3;3
455;;;;;;;;;;;;-1;-1;-1;1;0;0;-1;-1;1;-1;-1;;;;;;;;;;;;9;1;1;6;3
456;;;;;;;;;;;;-1;-1;-1;1;0;0;0;0;1;0;-1;;;;;;;;;;;;9;1;3;2;2
457;;;;;;;;;;;;-1;-1;-1;1;1;1;0;0;1;0;-1;;;;;;;;;;;;9;2;4;2;3
458;;;;;;;;;;;;-1;-1;-1;1;-1;-1;-1;0;1;-1;-1;;;;;;;;;;;;9;1;1;6;3
459;;;;;;;;;;;;-1;-1;0;1;1;1;0;0;1;0;-1;;;;;;;;;;;;9;2;2;6;3
460;;;;;;;;;;;;1;1;-1;1;1;1;0;0;1;0;-1;;;;;;;;;;;;9;1;3;1;3
461;;;;;;;;;;;;-1;-1;0;0;-1;0;0;-1;1;-1;-1;;;;;;;;;;;;9;2;2;7;3
462;;;;;;;;;;;;0;0;1;0;0;1;0;0;1;-1;-1;;;;;;;;;;;;9;1;4;2;0
463;;;;;;;;;;;;-1;-1;0;0;-1;-1;-1;-1;1;-1;-1;;;;;;;;;;;;9;2;4;3;3
464;;;;;;;;;;;;1;0;-1;-1;-1;-1;1;1;1;0;0;;;;;;;;;;;;9;2;2;3;2
465;;;;;;;;;;;;0;-1;-1;-1;0;0;-1;-1;1;-1;-1;;;;;;;;;;;;9;1;5;5;0
466;;;;;;;;;;;;1;-1;0;-1;0;1;0;0;1;0;-1;;;;;;;;;;;;9;1;5;5;3
467;;;;;;;;;;;;-1;-1;-1;1;-1;-1;-1;1;1;-1;-1;;;;;;;;;;;;9;2;4;2;3
468;;;;;;;;;;;;-1;-1;-1;1;0;1;0;0;1;-1;-1;;;;;;;;;;;;9;0;5;5;3
469;;;;;;;;;;;;-1;-1;0;0;0;0;-1;-1;1;-1;-1;;;;;;;;;;;;9;0;3;1;3
470;;;;;;;;;;;;-1;-1;-1;-1;-1;-1;-1;-1;1;-1;-1;;;;;;;;;;;;9;0;6;5;2
471;;;;;;;;;;;;-1;-1;-1;1;1;1;0;0;1;0;-1;;;;;;;;;;;;9;1;3;2;2
472;;;;;;;;;;;;-1;-1;1;0;0;-1;-1;-1;1;-1;-1;;;;;;;;;;;;9;1;3;3;3
473;;;;;;;;;;;;-1;-1;-1;1;-1;-1;-1;-1;1;-1;-1;;;;;;;;;;;;9;2;3;2;3
474;;;;;;;;;;;;-1;-1;0;0;-1;1;-1;-1;1;-1;-1;;;;;;;;;;;;9;2;1;6;3
475;;;;;;;;;;;;1;-1;0;1;1;1;0;0;1;0;-1;;;;;;;;;;;;9;2;4;3;2
476;;;;;;;;;;;;0;-1;0;1;0;0;-1;0;1;0;-1;;;;;;;;;;;;9;0;6;5;2
477;;;;;;;;;;;;-1;-1;-1;1;-1;-1;-1;-1;1;-1;-1;;;;;;;;;;;;9;1;4;7;3
478;;;;;;;;;;;;-1;-1;-1;1;-1;1;-1;-1;1;-1;-1;;;;;;;;;;;;9;1;4;1;3
479;;;;;;;;;;;;-1;-1;-1;0;0;0;-1;-1;1;-1;-1;;;;;;;;;;;;9;2;2;2;3
480;;;;;;;;;;;;-1;-1;-1;-1;-1;1;-1;-1;1;-1;-1;;;;;;;;;;;;9;2;4;2;2
481;;;;;;;;;;;;-1;-1;-1;-1;-1;1;-1;-1;1;-1;-1;;;;;;;;;;;;9;1;3;2;0
482;;;;;;;;;;;;0;0;-1;-1;-1;-1;0;1;1;1;-1;;;;;;;;;;;;10;1;1;1;2
483;;;;;;;;;;;;-1;-1;-1;0;0;1;-1;-1;1;1;0;;;;;;;;;;;;10;1;3;3;3
484;;;;;;;;;;;;1;1;0;-1;-1;0;-1;0;-1;1;1;;;;;;;;;;;;10;1;5;5;2
485;;;;;;;;;;;;0;-1;-1;0;-1;-1;-1;-1;0;0;-1;;;;;;;;;;;;10;2;2;2;3
486;;;;;;;;;;;;0;1;-1;0;0;0;0;0;1;1;1;;;;;;;;;;;;10;1;3;2;3
487;;;;;;;;;;;;0;-1;-1;-1;0;0;0;0;-1;1;-1;;;;;;;;;;;;10;1;3;2;2
488;;;;;;;;;;;;0;-1;-1;-1;0;1;0;0;0;1;-1;;;;;;;;;;;;10;2;2;1;3
489;;;;;;;;;;;;-1;-1;-1;-1;-1;-1;-1;-1;-1;1;-1;;;;;;;;;;;;10;1;4;2;2
490;;;;;;;;;;;;-1;0;-1;-1;-1;-1;-1;-1;-1;-1;1;;;;;;;;;;;;11;2;3;2;3
491;;;;;;;;;;;;1;-1;1;-1;-1;-1;-1;-1;0;0;1;;;;;;;;;;;;11;2;4;2;3
492;;;;;;;;;;;;0;-1;0;-1;-1;0;1;0;0;0;1;;;;;;;;;;;;11;2;3;2;2
493;;;;;;;;;;;;1;1;-1;-1;-1;-1;-1;0;-1;-1;1;;;;;;;;;;;;11;1;6;5;3
494;;;;;;;;;;;;-1;-1;-1;-1;-1;0;-1;0;0;0;1;;;;;;;;;;;;11;1;5;1;3
495;;;;;;;;;;;;0;1;1;-1;-1;-1;-1;-1;-1;-1;1;;;;;;;;;;;;11;2;2;2;3
496;;;;;;;;;;;;0;-1;-1;-1;-1;-1;-1;-1;-1;-1;1;;;;;;;;;;;;11;2;6;5;2
497;;;;;;;;;;;;1;1;-1;-1;-1;-1;-1;0;-1;-1;1;;;;;;;;;;;;11;1;6;5;3
498;;;;;;;;;;;;0;-1;1;0;-1;-1;-1;0;0;-1;1;;;;;;;;;;;;11;2;5;5;3
499;;;;;;;;;;;;-1;-1;0;-1;-1;-1;-1;-1;-1;-1;1;;;;;;;;;;;;11;1;6;5;3
500;;;;;;;;;;;;1;0;-1;-1;-1;-1;-1;-1;0;1;1;;;;;;;;;;;;11;1;5;5;2
501;;;;;;;;;;;;-1;0;-1;-1;-1;-1;-1;-1;0;0;1;;;;;;;;;;;;11;2;2;3;1
502;;;;;;;;;;;;1;1;1;1;-1;-1;-1;-1;1;1;1;;;;;;;;;;;;11;1;4;2;2
503;;;;;;;;;;;;1;1;1;-1;-1;-1;-1;1;0;0;1;;;;;;;;;;;;11;1;4;2;3
504;;;;;;;;;;;;-1;-1;0;-1;-1;-1;-1;-1;-1;0;1;;;;;;;;;;;;11;2;5;5;2
505;;;;;;;;;;;;0;-1;1;-1;-1;-1;-1;-1;-1;-1;1;;;;;;;;;;;;11;2;2;1;3
506;;;;;;;;;;;;-1;-1;1;1;0;0;0;0;-1;0;1;;;;;;;;;;;;11;1;2;3;3
507;;;;;;;;;;;;0;0;1;1;-1;-1;-1;-1;1;-1;1;;;;;;;;;;;;11;1;2;2;3
508;;;;;;;;;;;;-1;-1;-1;-1;-1;-1;-1;-1;-1;-1;1;;;;;;;;;;;;11;1;2;2;2
509;;;;;;;;;;;;1;0;0;0;-1;-1;-1;-1;-1;-1;1;;;;;;;;;;;;11;2;6;5;0
510;;;;;;;;;;;;0;-1;-1;-1;0;0;0;-1;0;0;1;;;;;;;;;;;;11;2;2;3;3
511;;;;;;;;;;;;-1;-1;-1;-1;-1;-1;-1;-1;-1;-1;1;;;;;;;;;;;;11;0;6;5;1
512;;;;;;;;;;;;1;1;-1;0;-1;-1;0;0;0;0;1;;;;;;;;;;;;11;1;5;5;3
513;;;;;;;;;;;;-1;-1;-1;-1;1;-1;-1;-1;-1;-1;1;;;;;;;;;;;;11;1;5;5;0
514;;;;;;;;;;;;1;0;-1;-1;-1;-1;-1;1;1;-1;1;;;;;;;;;;;;11;2;5;5;1
515;;;;;;;;;;;;1;1;-1;-1;-1;-1;-1;-1;-1;-1;1;;;;;;;;;;;;11;2;6;5;3
516;;;;;;;;;;;;-1;-1;-1;-1;-1;-1;-1;-1;-1;-1;1;;;;;;;;;;;;11;1;5;5;3
517;;;;;;;;;;;;0;1;0;0;0;1;0;-1;1;0;1;;;;;;;;;;;;11;1;1;3;1
518;;;;;;;;;;;;-1;-1;0;1;-1;0;-1;-1;-1;-1;1;;;;;;;;;;;;11;1;1;3;3
519;;;;;;;;;;;;-1;-1;0;-1;-1;-1;-1;-1;0;-1;1;;;;;;;;;;;;11;2;5;5;2
520;;;;;;;;;;;;-1;1;-1;-1;-1;-1;-1;-1;-1;-1;1;;;;;;;;;;;;11;2;3;2;2
521;;;;;;;;;;;;1;0;-1;-1;-1;-1;0;1;-1;0;1;;;;;;;;;;;;11;1;6;5;2
522;;;;;;;;;;;;-1;-1;0;0;-1;-1;-1;-1;-1;-1;1;;;;;;;;;;;;11;2;4;2;3
523;;;;;;;;;;;;0;-1;-1;-1;-1;-1;0;-1;-1;0;1;;;;;;;;;;;;11;1;6;5;2
524;;;;;;;;;;;;1;0;-1;-1;-1;-1;-1;0;-1;-1;1;;;;;;;;;;;;11;1;5;3;3
525;;;;;;;;;;;;-1;-1;-1;-1;-1;-1;-1;-1;-1;-1;1;;;;;;;;;;;;11;2;5;2;2
526;;;;;;;;;;;;-1;-1;-1;-1;-1;-1;-1;-1;-1;-1;-1;;;;;;;;;;;;12;1;1;2;3
527;;;;;;;;;;;;1;-1;0;-1;-1;-1;0;-1;0;-1;0;;;;;;;;;;;;12;2;3;2;3
528;;;;;;;;;;;;;;;;;;;;;;;0;0;1;1;0;0;0;-2;0;0;0;0;2;4;2;3
529;;;;;;;;;;;;;;;;;;;;;;;0;-2;1;0;0;0;0;0;0;0;0;0;1;2;2;2
530;;;;;;;;;;;;;;;;;;;;;;;0;-2;1;1;1;1;0;0;1;0;-2;0;2;4;2;3
531;;;;;;;;;;;;;;;;;;;;;;;0;-2;1;1;-2;-2;-2;0;1;1;-2;0;0;0;0;0
532;;;;;;;;;;;;;;;;;;;;;;;1;-2;1;1;-2;-2;-2;0;1;1;-2;0;0;0;0;0
533;;;;;;;;;;;;;;;;;;;;;;;-2;-2;0;-2;-2;0;0;0;0;0;-2;0;1;2;2;2
534;;;;;;;;;;;;;;;;;;;;;;;1;-2;0;1;1;1;0;0;1;0;-2;0;0;0;0;0
535;;;;;;;;;;;;;;;;;;;;;;;0;1;-2;-2;0;-2;0;0;-2;0;1;0;1;2;2;3
536;;;;;;;;;;;;;;;;;;;;;;;1;-2;-2;0;0;-2;0;0;-2;0;-2;1;2;4;3;2
537;;;;;;;;;;;;;;;;;;;;;;;1;-2;0;0;-2;1;0;0;-2;0;-2;1;2;1;6;2
538;;;;;;;;;;;;;;;;;;;;;;;1;-2;1;1;-2;-2;-2;-2;0;-2;0;1;2;1;2;3
539;;;;;;;;;;;;;;;;;;;;;;;1;-2;1;-2;0;0;0;0;-2;0;-2;1;2;3;3;3
540;;;;;;;;;;;;;;;;;;;;;;;1;-2;0;0;-2;-2;-2;0;1;1;-2;1;1;5;5;2
541;;;;;;;;;;;;;;;;;;;;;;;1;-2;0;0;0;0;0;0;1;0;1;1;2;3;3;3
542;;;;;;;;;;;;;;;;;;;;;;;1;-2;0;0;0;0;0;0;0;0;0;1;2;1;6;3
543;;;;;;;;;;;;;;;;;;;;;;;0;-2;-2;0;0;0;0;0;-2;0;-2;1;1;4;1;3
544;;;;;;;;;;;;;;;;;;;;;;;1;-2;-2;-2;-2;0;-2;0;-2;-2;0;1;1;1;1;3
545;;;;;;;;;;;;;;;;;;;;;;;1;-2;-2;1;-2;-2;-2;1;-2;-2;-2;1;2;1;2;2
546;;;;;;;;;;;;;;;;;;;;;;;1;0;0;0;-2;-2;0;0;0;0;-2;1;1;3;1;3
547;;;;;;;;;;;;;;;;;;;;;;;1;0;0;-2;-2;-2;-2;-2;-2;-2;0;1;1;3;2;1
548;;;;;;;;;;;;;;;;;;;;;;;1;0;-2;-2;0;0;1;1;-2;1;-2;1;2;3;2;3
549;;;;;;;;;;;;;;;;;;;;;;;1;1;-2;-2;0;-2;0;0;-2;0;-2;1;2;2;2;3
550;;;;;;;;;;;;;;;;;;;;;;;1;1;0;-2;-2;-2;-2;-2;0;-2;0;1;2;1;6;3
551;;;;;;;;;;;;;;;;;;;;;;;1;1;-2;-2;-2;-2;-2;1;-2;-2;-2;1;1;5;5;2
552;;;;;;;;;;;;;;;;;;;;;;;-2;1;1;1;1;1;-2;-2;1;-2;-2;2;2;3;1;0
553;;;;;;;;;;;;;;;;;;;;;;;-2;1;-2;-2;0;-2;0;0;0;0;0;2;1;1;7;2
554;;;;;;;;;;;;;;;;;;;;;;;1;1;-2;-2;-2;-2;-2;-2;-2;-2;-2;2;2;1;4;2
555;;;;;;;;;;;;;;;;;;;;;;;0;1;-2;0;-2;-2;-2;0;1;-2;-2;2;2;4;3;2
556;;;;;;;;;;;;;;;;;;;;;;;-2;1;-2;0;-2;-2;0;0;0;-2;-2;2;2;5;5;2
557;;;;;;;;;;;;;;;;;;;;;;;-2;1;0;-2;1;0;-2;-2;1;-2;1;2;2;1;2;3
558;;;;;;;;;;;;;;;;;;;;;;;-2;1;0;-2;-2;-2;-2;-2;-2;-2;0;2;2;6;5;3
559;;;;;;;;;;;;;;;;;;;;;;;1;1;-2;-2;-2;-2;-2;-2;-2;-2;1;2;2;1;1;2
560;;;;;;;;;;;;;;;;;;;;;;;0;1;-2;-2;0;-2;-2;0;-2;0;-2;2;2;4;7;3
561;;;;;;;;;;;;;;;;;;;;;;;1;1;-2;-2;-2;-2;-2;-2;-2;-2;-2;2;2;4;2;2
562;;;;;;;;;;;;;;;;;;;;;;;0;1;0;0;0;0;0;0;0;0;-2;2;1;2;3;2
563;;;;;;;;;;;;;;;;;;;;;;;1;1;-2;-2;-2;-2;-2;-2;-2;0;-2;2;1;3;2;3
564;;;;;;;;;;;;;;;;;;;;;;;0;1;-2;-2;0;0;0;0;1;0;-2;2;2;4;2;2
565;;;;;;;;;;;;;;;;;;;;;;;0;1;-2;-2;1;0;0;0;-2;-2;-2;2;1;4;2;1
566;;;;;;;;;;;;;;;;;;;;;;;1;1;-2;-2;-2;-2;1;-2;1;1;-2;2;1;5;1;2
567;;;;;;;;;;;;;;;;;;;;;;;-2;1;-2;-2;0;-2;-2;-2;-2;-2;-2;2;1;3;2;3
568;;;;;;;;;;;;;;;;;;;;;;;1;1;1;-2;-2;-2;0;0;0;0;-2;2;1;3;2;3
569;;;;;;;;;;;;;;;;;;;;;;;-2;0;-2;-2;-2;-2;-2;-2;0;-2;0;2;1;2;2;2
570;;;;;;;;;;;;;;;;;;;;;;;-2;1;-2;-2;-2;-2;-2;-2;-2;-2;-2;2;1;1;6;3
571;;;;;;;;;;;;;;;;;;;;;;;1;1;-2;0;0;1;0;0;-2;-2;-2;2;2;3;2;2
572;;;;;;;;;;;;;;;;;;;;;;;-2;1;0;-2;-2;-2;-2;-2;-2;-2;0;2;1;6;5;3
573;;;;;;;;;;;;;;;;;;;;;;;0;1;-2;-2;-2;-2;-2;-2;-2;-2;-2;2;1;2;3;2
574;;;;;;;;;;;;;;;;;;;;;;;1;1;-2;-2;-2;-2;-2;-2;-2;-2;1;2;1;5;5;3
575;;;;;;;;;;;;;;;;;;;;;;;1;1;-2;-2;-2;-2;0;0;0;0;1;2;2;5;5;3
576;;;;;;;;;;;;;;;;;;;;;;;1;0;-2;-2;-2;-2;-2;-2;-2;0;0;2;1;2;7;2
577;;;;;;;;;;;;;;;;;;;;;;;-2;1;-2;-2;-2;-2;-2;-2;0;-2;-2;2;1;1;4;2
578;;;;;;;;;;;;;;;;;;;;;;;1;1;-2;-2;0;0;0;0;-2;-2;1;2;1;5;5;3
579;;;;;;;;;;;;;;;;;;;;;;;1;1;1;1;-2;-2;-2;-2;0;-2;0;2;1;2;1;2
580;;;;;;;;;;;;;;;;;;;;;;;-2;1;-2;-2;-2;-2;-2;1;-2;-2;-2;2;1;1;1;1
581;;;;;;;;;;;;;;;;;;;;;;;1;1;-2;-2;-2;-2;0;0;-2;1;0;2;2;2;3;3
582;;;;;;;;;;;;;;;;;;;;;;;-2;1;-2;-2;-2;-2;-2;-2;-2;-2;-2;2;1;3;1;2
583;;;;;;;;;;;;;;;;;;;;;;;-2;1;-2;-2;-2;-2;-2;-2;-2;-2;-2;2;2;2;3;2
584;;;;;;;;;;;;;;;;;;;;;;;-2;1;-2;-2;-2;-2;-2;-2;-2;-2;-2;2;2;1;2;3
585;;;;;;;;;;;;;;;;;;;;;;;1;1;-2;-2;-2;-2;-2;0;0;0;-2;2;1;2;3;3
586;;;;;;;;;;;;;;;;;;;;;;;0;0;-2;-2;0;0;0;-2;0;0;0;2;1;1;2;2
587;;;;;;;;;;;;;;;;;;;;;;;-2;1;-2;-2;-2;-2;-2;-2;-2;-2;-2;2;1;3;1;0
588;;;;;;;;;;;;;;;;;;;;;;;1;1;-2;-2;-2;-2;-2;-2;-2;-2;-2;2;1;2;2;3
589;;;;;;;;;;;;;;;;;;;;;;;-2;-2;0;-2;-2;-2;-2;-2;-2;-2;-2;3;1;3;2;0
590;;;;;;;;;;;;;;;;;;;;;;;-2;-2;0;-2;-2;-2;-2;-2;-2;-2;0;3;2;2;2;2
591;;;;;;;;;;;;;;;;;;;;;;;-2;-2;0;1;0;0;-2;-2;0;-2;-2;3;1;5;5;3
592;;;;;;;;;;;;;;;;;;;;;;;-2;-2;0;1;-2;-2;-2;-2;-2;-2;-2;3;2;3;2;3
593;;;;;;;;;;;;;;;;;;;;;;;-2;-2;0;-2;-2;-2;0;0;-2;0;1;3;2;3;2;3
594;;;;;;;;;;;;;;;;;;;;;;;-2;-2;1;-2;-2;-2;-2;-2;-2;-2;-2;3;2;4;5;3
595;;;;;;;;;;;;;;;;;;;;;;;-2;-2;1;-2;-2;-2;-2;-2;-2;-2;-2;3;1;5;5;3
596;;;;;;;;;;;;;;;;;;;;;;;-2;-2;1;-2;-2;-2;-2;-2;-2;-2;-2;3;1;4;1;3
597;;;;;;;;;;;;;;;;;;;;;;;0;-2;1;1;1;-2;-2;-2;-2;-2;-2;3;2;4;2;3
598;;;;;;;;;;;;;;;;;;;;;;;0;-2;1;0;-2;-2;0;-2;-2;-2;0;3;2;3;2;3
599;;;;;;;;;;;;;;;;;;;;;;;-2;-2;1;0;-2;-2;-2;-2;0;-2;-2;3;1;3;3;3
600;;;;;;;;;;;;;;;;;;;;;;;-2;-2;1;0;0;-2;0;0;-2;0;-2;3;2;5;5;3
601;;;;;;;;;;;;;;;;;;;;;;;0;-2;1;0;-2;-2;-2;-2;0;-2;-2;3;2;1;6;3
602;;;;;;;;;;;;;;;;;;;;;;;-2;-2;1;-2;0;0;0;0;-2;0;-2;3;2;2;3;0
603;;;;;;;;;;;;;;;;;;;;;;;0;-2;1;-2;-2;-2;-2;-2;0;-2;0;3;2;4;2;3
604;;;;;;;;;;;;;;;;;;;;;;;-2;-2;1;-2;-2;-2;-2;-2;-2;-2;-2;3;1;2;2;3
605;;;;;;;;;;;;;;;;;;;;;;;-2;-2;1;0;0;0;-2;-2;0;0;-2;3;2;5;5;1
606;;;;;;;;;;;;;;;;;;;;;;;0;-2;1;0;-2;-2;-2;-2;0;-2;0;3;1;1;3;3
607;;;;;;;;;;;;;;;;;;;;;;;-2;-2;1;0;-2;-2;-2;-2;-2;-2;-2;3;1;4;2;3
608;;;;;;;;;;;;;;;;;;;;;;;0;-2;1;0;0;-2;-2;-2;0;-2;-2;3;2;4;2;2
609;;;;;;;;;;;;;;;;;;;;;;;-2;-2;0;1;0;0;-2;-2;0;-2;-2;3;1;3;1;3
610;;;;;;;;;;;;;;;;;;;;;;;-2;-2;0;1;0;0;-2;0;0;-2;-2;3;2;4;1;3
611;;;;;;;;;;;;;;;;;;;;;;;0;-2;1;0;0;0;0;0;0;-2;0;3;1;1;6;3
612;;;;;;;;;;;;;;;;;;;;;;;0;-2;1;-2;-2;-2;-2;-2;0;-2;-2;3;2;1;2;2
613;;;;;;;;;;;;;;;;;;;;;;;-2;-2;1;0;0;0;0;0;0;0;-2;3;0;4;5;2
614;;;;;;;;;;;;;;;;;;;;;;;-2;-2;1;-2;0;0;-2;-2;-2;-2;-2;3;2;5;5;0
615;;;;;;;;;;;;;;;;;;;;;;;-2;-2;1;-2;-2;-2;-2;-2;0;-2;-2;3;2;4;3;3
616;;;;;;;;;;;;;;;;;;;;;;;-2;-2;1;-2;-2;-2;-2;-2;0;-2;-2;3;1;3;2;3
617;;;;;;;;;;;;;;;;;;;;;;;-2;-2;1;0;0;-2;-2;0;0;-2;0;3;2;3;1;3
618;;;;;;;;;;;;;;;;;;;;;;;0;-2;1;-2;-2;-2;-2;-2;-2;-2;0;3;1;3;2;2
619;;;;;;;;;;;;;;;;;;;;;;;-2;-2;1;0;-2;-2;-2;-2;-2;-2;0;3;1;3;3;3
620;;;;;;;;;;;;;;;;;;;;;;;-2;-2;1;0;-2;-2;-2;0;-2;-2;-2;3;1;2;3;3
621;;;;;;;;;;;;;;;;;;;;;;;0;1;1;0;0;0;-2;0;-2;-2;-2;3;2;1;6;3
622;;;;;;;;;;;;;;;;;;;;;;;0;1;1;0;-2;-2;-2;-2;0;-2;-2;3;2;5;5;2
623;;;;;;;;;;;;;;;;;;;;;;;0;-2;1;0;-2;-2;0;0;1;0;-2;3;2;4;3;3
624;;;;;;;;;;;;;;;;;;;;;;;-2;-2;1;1;0;0;-2;-2;0;-2;-2;3;2;5;5;3
625;;;;;;;;;;;;;;;;;;;;;;;-2;-2;1;1;0;0;-2;-2;0;-2;-2;3;2;3;1;3
626;;;;;;;;;;;;;;;;;;;;;;;0;-2;1;-2;-2;-2;-2;0;-2;-2;1;3;2;3;1;3
627;;;;;;;;;;;;;;;;;;;;;;;-2;-2;1;1;0;0;-2;0;0;-2;-2;3;1;3;2;3
628;;;;;;;;;;;;;;;;;;;;;;;1;-2;1;0;-2;0;0;0;-2;0;0;3;2;1;7;3
629;;;;;;;;;;;;;;;;;;;;;;;0;-2;1;1;0;-2;-2;-2;-2;-2;-2;3;2;2;3;3
630;;;;;;;;;;;;;;;;;;;;;;;-2;-2;-2;1;0;1;0;-2;0;-2;-2;3;2;3;7;3
631;;;;;;;;;;;;;;;;;;;;;;;-2;-2;1;1;0;0;-2;0;-2;-2;-2;3;1;1;2;3
632;;;;;;;;;;;;;;;;;;;;;;;-2;-2;1;0;0;-2;0;0;1;0;-2;3;2;4;4;2
633;;;;;;;;;;;;;;;;;;;;;;;-2;-2;1;0;0;0;0;0;1;0;0;3;1;2;1;2
634;;;;;;;;;;;;;;;;;;;;;;;-2;1;1;0;-2;-2;0;0;0;0;0;3;1;5;5;2
635;;;;;;;;;;;;;;;;;;;;;;;1;-2;1;0;0;0;0;0;-2;0;-2;3;2;3;3;2
636;;;;;;;;;;;;;;;;;;;;;;;-2;-2;1;0;-2;-2;-2;-2;0;-2;1;3;1;1;2;3
637;;;;;;;;;;;;;;;;;;;;;;;-2;-2;1;1;0;-2;-2;-2;-2;-2;-2;3;1;4;2;3
638;;;;;;;;;;;;;;;;;;;;;;;-2;-2;1;1;-2;-2;-2;0;0;-2;-2;3;1;2;2;3
639;;;;;;;;;;;;;;;;;;;;;;;1;-2;1;0;-2;-2;-2;-2;0;0;-2;3;2;6;5;2
640;;;;;;;;;;;;;;;;;;;;;;;1;-2;1;0;-2;-2;-2;0;0;-2;0;3;1;3;2;3
641;;;;;;;;;;;;;;;;;;;;;;;-2;-2;1;0;-2;-2;-2;-2;0;-2;1;3;2;1;2;3
642;;;;;;;;;;;;;;;;;;;;;;;-2;-2;1;1;-2;-2;-2;-2;-2;-2;-2;3;1;3;2;3
643;;;;;;;;;;;;;;;;;;;;;;;1;-2;1;0;0;0;-2;-2;-2;-2;-2;3;1;5;5;3
644;;;;;;;;;;;;;;;;;;;;;;;-2;-2;1;0;0;0;-2;-2;1;-2;-2;3;2;3;3;0
645;;;;;;;;;;;;;;;;;;;;;;;1;-2;1;0;-2;-2;-2;0;-2;-2;0;3;1;3;3;2
646;;;;;;;;;;;;;;;;;;;;;;;-2;-2;1;1;0;0;-2;0;0;-2;-2;3;2;3;1;3
647;;;;;;;;;;;;;;;;;;;;;;;-2;-2;1;1;0;0;-2;-2;1;-2;-2;3;1;1;1;3
648;;;;;;;;;;;;;;;;;;;;;;;1;-2;1;0;-2;-2;-2;1;0;-2;-2;3;2;1;2;3
649;;;;;;;;;;;;;;;;;;;;;;;0;-2;1;1;-2;0;-2;-2;1;-2;-2;3;2;1;6;3
650;;;;;;;;;;;;;;;;;;;;;;;1;-2;1;0;0;0;0;0;-2;0;1;3;1;1;6;1
651;;;;;;;;;;;;;;;;;;;;;;;0;-2;1;1;0;0;0;0;1;0;-2;3;1;2;7;3
652;;;;;;;;;;;;;;;;;;;;;;;-2;1;1;-2;0;0;-2;-2;1;-2;-2;3;1;2;2;2
653;;;;;;;;;;;;;;;;;;;;;;;0;-2;1;0;1;0;0;-2;1;-2;-2;3;2;4;3;2
654;;;;;;;;;;;;;;;;;;;;;;;0;-2;1;1;0;0;0;0;1;0;-2;3;2;1;6;3
655;;;;;;;;;;;;;;;;;;;;;;;0;-2;1;1;-2;-2;-2;0;-2;0;1;3;1;5;5;2
656;;;;;;;;;;;;;;;;;;;;;;;-2;0;1;1;0;1;0;0;0;0;-2;3;2;5;5;3
657;;;;;;;;;;;;;;;;;;;;;;;-2;-2;1;1;1;0;0;-2;1;-2;-2;3;2;3;3;3
658;;;;;;;;;;;;;;;;;;;;;;;1;1;1;1;0;0;0;0;0;0;-2;3;2;3;3;3
659;;;;;;;;;;;;;;;;;;;;;;;-2;-2;1;1;0;1;-2;-2;1;-2;-2;3;2;3;3;3
660;;;;;;;;;;;;;;;;;;;;;;;1;-2;1;1;0;0;-2;-2;1;0;-2;3;2;4;3;3
661;;;;;;;;;;;;;;;;;;;;;;;1;-2;1;0;-2;0;0;1;1;0;-2;3;2;5;5;3
662;;;;;;;;;;;;;;;;;;;;;;;-2;-2;1;1;0;1;0;0;1;1;-2;3;2;3;3;3
663;;;;;;;;;;;;;;;;;;;;;;;-2;-2;1;1;1;1;0;0;1;-2;-2;3;1;2;2;2
664;;;;;;;;;;;;;;;;;;;;;;;-2;-2;1;1;1;1;-2;0;1;-2;-2;3;1;1;2;3
665;;;;;;;;;;;;;;;;;;;;;;;-2;-2;1;1;1;1;0;1;1;-2;-2;3;2;5;5;0
666;;;;;;;;;;;;;;;;;;;;;;;0;-2;1;1;1;1;1;0;1;0;-2;3;2;5;5;3
667;;;;;;;;;;;;;;;;;;;;;;;-2;-2;-2;1;0;1;-2;-2;-2;-2;-2;4;2;2;1;3
668;;;;;;;;;;;;;;;;;;;;;;;0;-2;0;1;0;0;0;1;1;0;-2;4;1;2;2;3
669;;;;;;;;;;;;;;;;;;;;;;;-2;-2;0;1;0;0;-2;-2;0;-2;-2;4;2;5;5;3
670;;;;;;;;;;;;;;;;;;;;;;;-2;-2;0;1;0;0;-2;0;1;-2;-2;4;2;4;3;3
671;;;;;;;;;;;;;;;;;;;;;;;-2;-2;0;1;-2;-2;-2;-2;-2;-2;-2;4;2;5;5;0
672;;;;;;;;;;;;;;;;;;;;;;;-2;-2;-2;1;-2;-2;-2;-2;-2;-2;-2;4;2;6;5;2
673;;;;;;;;;;;;;;;;;;;;;;;-2;-2;1;1;0;-2;-2;-2;0;-2;-2;4;1;1;2;3
674;;;;;;;;;;;;;;;;;;;;;;;-2;-2;0;1;0;0;0;0;1;-2;-2;4;2;3;3;3
675;;;;;;;;;;;;;;;;;;;;;;;-2;-2;-2;1;0;0;0;0;0;0;-2;4;1;4;3;3
676;;;;;;;;;;;;;;;;;;;;;;;-2;-2;0;1;-2;-2;-2;-2;-2;-2;-2;4;2;6;5;3
677;;;;;;;;;;;;;;;;;;;;;;;0;-2;1;1;-2;0;-2;0;0;-2;-2;4;1;3;2;3
678;;;;;;;;;;;;;;;;;;;;;;;-2;-2;0;1;0;0;0;0;1;-2;-2;4;1;1;3;3
679;;;;;;;;;;;;;;;;;;;;;;;-2;-2;0;1;-2;-2;0;0;0;-2;-2;4;1;2;3;3
680;;;;;;;;;;;;;;;;;;;;;;;-2;-2;1;1;-2;-2;-2;-2;1;-2;-2;4;1;5;5;3
681;;;;;;;;;;;;;;;;;;;;;;;-2;-2;0;1;1;-2;-2;-2;1;-2;-2;4;2;2;3;3
682;;;;;;;;;;;;;;;;;;;;;;;0;-2;1;1;-2;-2;-2;-2;0;-2;0;4;1;3;2;3
683;;;;;;;;;;;;;;;;;;;;;;;0;0;-2;1;0;-2;-2;-2;0;-2;-2;4;1;5;5;2
684;;;;;;;;;;;;;;;;;;;;;;;-2;-2;0;1;-2;-2;-2;-2;0;-2;-2;4;2;5;4;3
685;;;;;;;;;;;;;;;;;;;;;;;-2;-2;0;1;0;0;-2;0;0;-2;-2;4;2;4;2;3
686;;;;;;;;;;;;;;;;;;;;;;;1;-2;1;1;0;0;0;0;-2;1;-2;4;2;4;3;3
687;;;;;;;;;;;;;;;;;;;;;;;-2;-2;-2;1;0;0;-2;-2;1;0;-2;4;2;4;2;2
688;;;;;;;;;;;;;;;;;;;;;;;-2;-2;0;1;1;1;-2;-2;1;-2;-2;4;2;4;3;3
689;;;;;;;;;;;;;;;;;;;;;;;0;-2;-2;1;1;1;-2;-2;0;-2;-2;4;1;3;2;3
690;;;;;;;;;;;;;;;;;;;;;;;-2;-2;1;1;0;1;0;1;1;0;-2;4;2;4;3;3
691;;;;;;;;;;;;;;;;;;;;;;;-2;-2;-2;1;0;0;-2;-2;-2;-2;-2;4;1;5;5;3
692;;;;;;;;;;;;;;;;;;;;;;;0;0;1;1;1;1;-2;-2;1;-2;1;4;2;2;3;0
693;;;;;;;;;;;;;;;;;;;;;;;0;-2;1;1;0;0;0;0;1;0;-2;4;2;5;5;3
694;;;;;;;;;;;;;;;;;;;;;;;-2;-2;-2;1;-2;1;1;0;1;0;-2;4;2;1;3;3
695;;;;;;;;;;;;;;;;;;;;;;;1;0;0;1;-2;-2;-2;-2;0;-2;-2;4;2;5;5;2
696;;;;;;;;;;;;;;;;;;;;;;;-2;-2;0;1;-2;-2;-2;0;0;-2;-2;4;1;2;2;3
697;;;;;;;;;;;;;;;;;;;;;;;-2;-2;0;1;-2;0;-2;-2;0;-2;-2;4;2;3;2;3
698;;;;;;;;;;;;;;;;;;;;;;;-2;-2;0;1;0;0;-2;-2;1;1;-2;4;1;3;3;3
699;;;;;;;;;;;;;;;;;;;;;;;-2;-2;-2;1;0;0;-2;-2;0;-2;-2;4;2;3;3;3
700;;;;;;;;;;;;;;;;;;;;;;;-2;-2;-2;1;1;1;-2;0;-2;-2;-2;4;2;2;4;2
701;;;;;;;;;;;;;;;;;;;;;;;-2;-2;-2;1;0;0;0;-2;1;-2;-2;4;1;5;5;3
702;;;;;;;;;;;;;;;;;;;;;;;-2;-2;0;1;0;0;0;0;1;0;-2;4;1;2;2;3
703;;;;;;;;;;;;;;;;;;;;;;;-2;-2;1;1;0;0;-2;-2;1;-2;-2;4;2;1;6;1
704;;;;;;;;;;;;;;;;;;;;;;;0;-2;0;1;1;1;0;0;-2;-2;-2;5;1;1;2;2
705;;;;;;;;;;;;;;;;;;;;;;;1;-2;1;0;0;-2;1;0;0;0;-2;5;2;6;5;3
706;;;;;;;;;;;;;;;;;;;;;;;-2;-2;-2;-2;1;1;-2;0;-2;-2;-2;6;2;3;2;3
707;;;;;;;;;;;;;;;;;;;;;;;-2;-2;1;1;1;1;-2;0;1;-2;-2;6;2;4;3;3
708;;;;;;;;;;;;;;;;;;;;;;;0;-2;0;0;-2;0;0;0;0;0;-2;6;1;4;2;3
709;;;;;;;;;;;;;;;;;;;;;;;0;-2;1;-2;-2;1;-2;0;1;-2;-2;6;1;4;3;0
710;;;;;;;;;;;;;;;;;;;;;;;-2;-2;0;0;0;-2;0;1;1;0;-2;8;1;2;2;3
711;;;;;;;;;;;;;;;;;;;;;;;-2;-2;0;0;0;-2;0;1;1;0;-2;8;1;2;2;3
712;;;;;;;;;;;;;;;;;;;;;;;-2;-2;0;0;-2;-2;-2;1;-2;-2;-2;8;2;2;2;2
713;;;;;;;;;;;;;;;;;;;;;;;-2;-2;0;0;-2;-2;-2;1;-2;-2;-2;8;2;2;2;2
714;;;;;;;;;;;;;;;;;;;;;;;-2;-2;0;1;0;0;-2;-2;1;-2;-2;9;1;2;2;3
715;;;;;;;;;;;;;;;;;;;;;;;0;-2;1;1;1;0;0;0;1;-2;-2;9;1;4;2;3
716;;;;;;;;;;;;;;;;;;;;;;;0;0;0;0;0;0;0;0;0;0;0;9;2;5;5;0
717;;;;;;;;;;;;;;;;;;;;;;;-2;-2;-2;0;1;1;-2;0;1;-2;-2;9;1;2;2;3
718;;;;;;;;;;;;;;;;;;;;;;;0;0;-2;0;0;0;0;0;1;0;-2;9;2;3;3;2
719;;;;;;;;;;;;;;;;;;;;;;;0;-2;0;0;-2;1;0;-2;1;-2;-2;9;2;1;6;3
720;;;;;;;;;;;;;;;;;;;;;;;-2;-2;0;0;1;1;-2;0;1;-2;-2;9;2;3;3;3
721;;;;;;;;;;;;;;;;;;;;;;;0;0;-2;1;-2;-2;1;-2;1;1;-2;9;1;4;2;3
722;;;;;;;;;;;;;;;;;;;;;;;-2;-2;0;1;-2;-2;-2;-2;1;-2;-2;9;2;2;3;2
723;;;;;;;;;;;;;;;;;;;;;;;-2;-2;-2;1;0;1;-2;-2;1;-2;-2;9;1;3;3;3
724;;;;;;;;;;;;;;;;;;;;;;;1;0;1;1;1;1;0;0;1;0;-2;9;1;6;5;1
725;;;;;;;;;;;;;;;;;;;;;;;-2;-2;-2;1;0;1;0;-2;1;-2;-2;9;2;4;3;3
726;;;;;;;;;;;;;;;;;;;;;;;-2;-2;-2;1;0;1;-2;0;1;1;-2;9;1;1;6;3
727;;;;;;;;;;;;;;;;;;;;;;;-2;-2;-2;-2;-2;-2;-2;-2;1;-2;-2;9;2;1;6;3
728;;;;;;;;;;;;;;;;;;;;;;;-2;-2;0;1;1;1;0;-2;1;-2;-2;9;1;1;6;3
729;;;;;;;;;;;;;;;;;;;;;;;-2;-2;-2;0;0;1;-2;0;1;0;-2;9;1;2;2;3
730;;;;;;;;;;;;;;;;;;;;;;;-2;-2;1;1;1;1;0;0;1;0;-2;9;1;2;3;3
731;;;;;;;;;;;;;;;;;;;;;;;-2;-2;0;0;0;1;-2;-2;1;-2;-2;9;1;3;4;2
732;;;;;;;;;;;;;;;;;;;;;;;-2;-2;-2;-2;0;-2;-2;-2;1;-2;-2;9;2;3;1;3
733;;;;;;;;;;;;;;;;;;;;;;;0;-2;0;1;1;0;0;0;1;0;-2;9;2;6;5;3
734;;;;;;;;;;;;;;;;;;;;;;;0;-2;-2;1;1;0;1;1;1;0;-2;9;2;4;3;2
735;;;;;;;;;;;;;;;;;;;;;;;-2;-2;0;1;1;1;0;0;1;0;-2;9;1;6;5;3
736;;;;;;;;;;;;;;;;;;;;;;;-2;-2;-2;1;1;1;0;0;1;0;-2;9;1;4;3;3
737;;;;;;;;;;;;;;;;;;;;;;;-2;-2;0;1;-2;0;-2;-2;1;-2;-2;9;1;3;3;3
738;;;;;;;;;;;;;;;;;;;;;;;-2;-2;-2;0;1;1;0;0;1;0;-2;9;1;4;2;3
739;;;;;;;;;;;;;;;;;;;;;;;-2;-2;0;-2;1;0;-2;-2;1;-2;-2;9;1;5;5;3
740;;;;;;;;;;;;;;;;;;;;;;;-2;-2;-2;-2;-2;-2;-2;-2;1;-2;-2;9;1;5;5;2
741;;;;;;;;;;;;;;;;;;;;;;;-2;-2;-2;0;0;1;-2;0;1;-2;-2;9;1;1;2;1
742;;;;;;;;;;;;;;;;;;;;;;;-2;-2;-2;-2;-2;-2;-2;-2;1;-2;-2;9;1;6;5;2
743;;;;;;;;;;;;;;;;;;;;;;;1;-2;0;1;1;1;0;0;1;0;-2;9;1;1;6;3
744;;;;;;;;;;;;;;;;;;;;;;;-2;-2;0;1;0;1;-2;-2;1;-2;-2;9;2;4;3;3
745;;;;;;;;;;;;;;;;;;;;;;;-2;-2;-2;1;-2;-2;-2;-2;1;-2;-2;9;2;1;6;3
746;;;;;;;;;;;;;;;;;;;;;;;1;-2;0;0;0;0;0;-2;1;-2;-2;9;2;1;3;3
747;;;;;;;;;;;;;;;;;;;;;;;-2;-2;1;1;0;0;-2;-2;1;-2;-2;9;1;3;3;3
748;;;;;;;;;;;;;;;;;;;;;;;1;-2;0;0;-2;-2;-2;-2;1;1;-2;9;2;2;2;2
749;;;;;;;;;;;;;;;;;;;;;;;1;-2;-2;-2;-2;-2;1;-2;1;-2;-2;9;2;1;6;3
750;;;;;;;;;;;;;;;;;;;;;;;-2;-2;0;1;0;1;0;0;1;0;-2;9;2;1;6;3
751;;;;;;;;;;;;;;;;;;;;;;;-2;-2;1;1;-2;-2;-2;-2;1;-2;-2;9;1;2;2;3
752;;;;;;;;;;;;;;;;;;;;;;;-2;-2;0;1;1;1;-2;-2;1;-2;-2;9;1;1;3;3
753;;;;;;;;;;;;;;;;;;;;;;;-2;-2;-2;1;-2;-2;-2;0;1;-2;-2;9;2;4;3;2
754;;;;;;;;;;;;;;;;;;;;;;;-2;-2;-2;0;1;1;-2;-2;1;-2;-2;9;2;1;6;3
755;;;;;;;;;;;;;;;;;;;;;;;-2;1;-2;1;1;0;0;0;1;-2;-2;9;1;5;5;1
756;;;;;;;;;;;;;;;;;;;;;;;0;-2;0;1;0;0;0;0;1;0;-2;9;2;1;2;0
757;;;;;;;;;;;;;;;;;;;;;;;0;0;-2;0;1;1;0;0;1;0;-2;9;2;1;6;3
758;;;;;;;;;;;;;;;;;;;;;;;-2;-2;1;1;-2;-2;-2;-2;1;-2;-2;9;2;2;2;3
759;;;;;;;;;;;;;;;;;;;;;;;-2;-2;-2;0;0;1;-2;-2;1;-2;-2;9;1;4;2;2
760;;;;;;;;;;;;;;;;;;;;;;;0;0;-2;1;1;1;-2;-2;1;-2;-2;9;1;4;2;0
761;;;;;;;;;;;;;;;;;;;;;;;0;-2;0;1;1;1;0;1;1;-2;-2;9;2;3;7;2
762;;;;;;;;;;;;;;;;;;;;;;;1;-2;-2;1;-2;0;0;1;1;0;-2;9;2;4;5;3
763;;;;;;;;;;;;;;;;;;;;;;;-2;-2;-2;-2;1;1;-2;-2;1;-2;-2;9;2;1;2;3
764;;;;;;;;;;;;;;;;;;;;;;;1;0;1;1;0;0;0;0;1;0;0;9;2;1;6;2
765;;;;;;;;;;;;;;;;;;;;;;;-2;-2;-2;1;0;0;-2;-2;1;-2;-2;9;2;1;2;3
766;;;;;;;;;;;;;;;;;;;;;;;1;0;0;0;0;0;0;0;1;0;-2;9;1;6;5;3
767;;;;;;;;;;;;;;;;;;;;;;;-2;-2;0;1;0;0;-2;0;1;-2;-2;9;1;5;5;0
768;;;;;;;;;;;;;;;;;;;;;;;-2;-2;0;0;0;0;0;0;1;0;-2;9;1;4;3;3
769;;;;;;;;;;;;;;;;;;;;;;;-2;-2;0;1;-2;-2;-2;-2;1;-2;-2;9;2;6;5;2
770;;;;;;;;;;;;;;;;;;;;;;;-2;-2;0;1;1;1;0;-2;1;0;-2;9;1;3;3;3
771;;;;;;;;;;;;;;;;;;;;;;;0;-2;-2;0;1;1;0;1;1;0;-2;9;1;3;2;2
772;;;;;;;;;;;;;;;;;;;;;;;0;-2;-2;0;0;1;0;0;1;0;-2;9;2;2;2;2
773;;;;;;;;;;;;;;;;;;;;;;;-2;-2;0;1;-2;-2;-2;-2;1;-2;-2;9;1;5;5;3
774;;;;;;;;;;;;;;;;;;;;;;;-2;-2;-2;0;0;0;-2;-2;1;-2;-2;9;2;3;2;3
775;;;;;;;;;;;;;;;;;;;;;;;-2;-2;-2;-2;0;1;-2;-2;1;-2;-2;9;2;5;3;3
776;;;;;;;;;;;;;;;;;;;;;;;0;-2;-2;0;0;1;0;1;1;0;-2;9;2;6;5;2
777;;;;;;;;;;;;;;;;;;;;;;;-2;-2;-2;1;0;1;-2;-2;1;-2;-2;9;2;2;7;3
778;;;;;;;;;;;;;;;;;;;;;;;1;-2;-2;0;1;1;-2;1;1;-2;-2;9;2;4;3;3
779;;;;;;;;;;;;;;;;;;;;;;;0;-2;1;0;-2;-2;-2;-2;1;0;0;9;1;1;6;3
780;;;;;;;;;;;;;;;;;;;;;;;0;-2;1;1;0;-2;-2;-2;1;-2;-2;9;1;5;5;2
781;;;;;;;;;;;;;;;;;;;;;;;-2;0;-2;1;0;0;-2;-2;1;-2;-2;9;1;3;3;3
782;;;;;;;;;;;;;;;;;;;;;;;0;0;-2;-2;0;0;0;0;1;0;-2;9;1;1;3;2
783;;;;;;;;;;;;;;;;;;;;;;;0;-2;0;0;0;1;0;1;1;-2;-2;9;1;4;1;3
784;;;;;;;;;;;;;;;;;;;;;;;0;-2;-2;1;0;0;0;0;1;0;-2;9;0;5;0;3
785;;;;;;;;;;;;;;;;;;;;;;;-2;-2;-2;1;0;0;-2;0;1;-2;-2;9;2;4;5;2
786;;;;;;;;;;;;;;;;;;;;;;;-2;-2;1;1;-2;0;-2;-2;1;-2;-2;9;2;3;1;3
787;;;;;;;;;;;;;;;;;;;;;;;-2;-2;0;0;0;0;-2;-2;1;-2;-2;9;2;6;5;3
788;;;;;;;;;;;;;;;;;;;;;;;-2;-2;0;0;-2;-2;-2;-2;1;-2;-2;9;1;4;7;3
789;;;;;;;;;;;;;;;;;;;;;;;-2;-2;-2;-2;-2;-2;-2;-2;1;-2;-2;9;1;6;5;1
790;;;;;;;;;;;;;;;;;;;;;;;-2;-2;-2;1;1;1;-2;-2;1;-2;-2;9;1;5;3;3
791;;;;;;;;;;;;;;;;;;;;;;;-2;-2;-2;1;0;0;-2;-2;1;-2;-2;9;1;1;6;3
792;;;;;;;;;;;;;;;;;;;;;;;-2;-2;0;0;-2;-2;-2;-2;1;-2;-2;9;2;2;2;3
793;;;;;;;;;;;;;;;;;;;;;;;-2;-2;0;1;-2;0;0;-2;1;-2;-2;9;2;1;6;3
794;;;;;;;;;;;;;;;;;;;;;;;0;-2;1;1;0;0;0;1;1;0;-2;9;2;3;2;3
795;;;;;;;;;;;;;;;;;;;;;;;-2;-2;-2;1;-2;0;-2;0;1;-2;-2;9;1;1;2;3
796;;;;;;;;;;;;;;;;;;;;;;;-2;-2;0;0;-2;-2;0;-2;1;-2;-2;9;1;1;6;3
797;;;;;;;;;;;;;;;;;;;;;;;-2;-2;-2;1;1;1;0;-2;1;-2;-2;9;2;2;3;2
798;;;;;;;;;;;;;;;;;;;;;;;1;-2;0;1;1;1;0;0;1;-2;-2;9;2;4;7;3
799;;;;;;;;;;;;;;;;;;;;;;;-2;-2;-2;-2;-2;-2;-2;-2;1;-2;-2;9;0;6;5;2
800;;;;;;;;;;;;;;;;;;;;;;;-2;-2;-2;-2;1;0;-2;0;0;1;-2;10;2;2;4;3
801;;;;;;;;;;;;;;;;;;;;;;;0;1;-2;-2;-2;-2;0;1;1;1;-2;10;2;4;1;3
802;;;;;;;;;;;;;;;;;;;;;;;-2;-2;-2;-2;-2;1;0;0;-2;1;-2;10;1;3;2;2
803;;;;;;;;;;;;;;;;;;;;;;;-2;-2;0;0;-2;-2;-2;-2;0;-2;1;11;1;3;2;3
804;;;;;;;;;;;;;;;;;;;;;;;0;1;1;0;-2;-2;-2;-2;0;0;1;11;1;2;1;3
805;;;;;;;;;;;;;;;;;;;;;;;-2;1;-2;-2;-2;-2;-2;-2;-2;-2;1;11;2;2;3;3
806;;;;;;;;;;;;;;;;;;;;;;;1;-2;0;-2;-2;-2;-2;-2;-2;-2;1;11;2;5;5;1
807;;;;;;;;;;;;;;;;;;;;;;;0;-2;0;-2;-2;-2;-2;-2;-2;-2;1;11;1;6;5;2
808;;;;;;;;;;;;;;;;;;;;;;;1;0;0;0;-2;-2;-2;-2;-2;-2;1;11;1;5;5;1
809;;;;;;;;;;;;;;;;;;;;;;;1;1;-2;-2;0;0;0;0;-2;0;1;11;2;5;5;1
810;;;;;;;;;;;;;;;;;;;;;;;-2;-2;1;-2;-2;-2;-2;0;-2;-2;1;11;2;5;5;1
811;;;;;;;;;;;;;;;;;;;;;;;-2;-2;-2;-2;-2;-2;-2;-2;-2;-2;1;11;2;6;7;0
812;;;;;;;;;;;;;;;;;;;;;;;1;0;1;-2;-2;-2;-2;-2;-2;-2;1;11;1;4;2;3
813;;;;;;;;;;;;;;;;;;;;;;;0;0;0;0;0;0;0;0;0;0;1;11;2;5;5;2
814;;;;;;;;;;;;;;;;;;;;;;;-2;0;-2;-2;-2;-2;-2;0;-2;-2;1;11;2;1;2;3
815;;;;;;;;;;;;;;;;;;;;;;;0;-2;0;0;0;0;0;0;0;0;1;11;1;4;2;3
816;;;;;;;;;;;;;;;;;;;;;;;1;-2;0;0;-2;-2;0;-2;0;1;1;11;2;5;5;2
817;;;;;;;;;;;;;;;;;;;;;;;-2;-2;0;-2;-2;-2;0;1;-2;0;1;11;1;5;2;3
818;;;;;;;;;;;;;;;;;;;;;;;0;-2;1;0;-2;-2;0;1;0;0;1;11;1;0;2;3
819;;;;;;;;;;;;;;;;;;;;;;;1;-2;0;0;0;-2;0;0;0;0;1;11;2;6;5;2
820;;;;;;;;;;;;;;;;;;;;;;;-2;0;-2;0;0;0;1;1;1;1;-2;11;1;3;2;3
821;;;;;;;;;;;;;;;;;;;;;;;1;1;-2;-2;-2;-2;-2;-2;-2;-2;0;11;1;5;5;2
822;;;;;;;;;;;;;;;;;;;;;;;-2;-2;-2;-2;-2;-2;-2;-2;-2;-2;1;11;1;1;4;3
823;;;;;;;;;;;;;;;;;;;;;;;-2;-2;-2;-2;-2;-2;-2;0;-2;-2;1;11;1;4;1;3
824;;;;;;;;;;;;;;;;;;;;;;;-2;-2;-2;0;0;0;-2;0;-2;0;1;11;1;5;5;2
825;;;;;;;;;;;;;;;;;;;;;;;0;1;-2;-2;-2;-2;-2;0;-2;0;1;11;2;6;5;3
826;;;;;;;;;;;;;;;;;;;;;;;0;-2;1;-2;1;0;0;0;1;0;1;11;1;4;1;3
827;;;;;;;;;;;;;;;;;;;;;;;1;-2;-2;-2;-2;-2;-2;1;-2;-2;1;11;1;5;5;3
828;;;;;;;;;;;;;;;;;;;;;;;1;-2;0;-2;-2;-2;0;1;-2;-2;1;11;2;2;1;2
829;;;;;;;;;;;;;;;;;;;;;;;0;-2;0;0;-2;-2;-2;-2;-2;0;1;11;2;6;5;1
830;;;;;;;;;;;;;;;;;;;;;;;-2;-2;0;-2;-2;-2;-2;-2;-2;-2;1;11;2;5;5;2
831;;;;;;;;;;;;;;;;;;;;;;;0;-2;0;0;0;0;0;0;0;0;0;11;2;2;6;3
832;;;;;;;;;;;;;;;;;;;;;;;-2;-2;-2;-2;-2;-2;-2;-2;-2;-2;1;11;1;3;1;3
833;;;;;;;;;;;;;;;;;;;;;;;1;-2;1;-2;-2;-2;-2;0;-2;-2;1;11;1;3;2;3
834;;;;;;;;;;;;;;;;;;;;;;;-2;-2;0;-2;-2;-2;-2;0;-2;-2;0;12;1;3;2;3
835;;;;;;;;;;;;;;;;;;;;;;;-2;-2;-2;1;0;0;0;-2;1;-2;-2;12;2;1;6;3
836;;;;;;;;;;;;;;;;;;;;;;;-2;-2;-2;-2;-2;-2;-2;-2;-2;-2;-2;12;1;4;1;3
